2026-09-18 12:48:14.826 | INFO     | engine.decision:evaluate_and_execute:50 - BTC-USD: Decision BUY. Reason: Short MA (77596.21) > Long MA (77056.54). Executing...
2026-09-18 12:48:14.829 | INFO     | broker.paper:submit_order:58 - Submitted order dcfc9c88-26bf-41df-a623-6ec0f0e04ba0: BUY 7.673377874893967e-05 BTC-USD @ MARKET
2026-09-18 12:48:14.876 | INFO     | broker.paper:_execute_market_order:112 - Order dcfc9c88-26bf-41df-a623-6ec0f0e04ba0 FILLED: BUY 7.673377874893967e-05 BTC-USD @ 78251.08. Comm: 1.00
2026-09-18 12:48:20.312 | INFO     | engine.decision:evaluate_and_execute:50 - BTC-USD: Decision BUY. Reason: Short MA (78192.42) > Long MA (77218.97). Executing...
2026-09-18 12:48:20.312 | INFO     | broker.paper:submit_order:58 - Submitted order 432a9e01-18c3-4175-8635-ef0ffac83f16: BUY 6.598414253299402e-05 BTC-USD @ MARKET
2026-09-18 12:48:20.358 | INFO     | broker.paper:_execute_market_order:112 - Order 432a9e01-18c3-4175-8635-ef0ffac83f16 FILLED: BUY 6.598414253299402e-05 BTC-USD @ 78251.08. Comm: 1.00
2026-09-18 12:48:25.859 | INFO     | engine.decision:evaluate_and_execute:50 - BTC-USD: Decision BUY. Reason: Short MA (78197.72) > Long MA (77322.42). Executing...
2026-09-18 12:48:25.859 | INFO     | broker.paper:submit_order:58 - Submitted order 0d01f0f2-dace-481a-832f-2f60d4b346a3: BUY 5.651393962120137e-05 BTC-USD @ MARKET
2026-09-18 12:48:25.904 | INFO     | broker.paper:_execute_market_order:112 - Order 0d01f0f2-dace-481a-832f-2f60d4b346a3 FILLED: BUY 5.651393962120137e-05 BTC-USD @ 78266.99. Comm: 1.00
2026-09-18 12:48:31.298 | INFO     | engine.decision:evaluate_and_execute:50 - BTC-USD: Decision BUY. Reason: Short MA (78203.02) > Long MA (77416.20). Executing...
2026-09-18 12:48:31.298 | INFO     | broker.paper:submit_order:58 - Submitted order 0c5a2f01-e909-4b53-818c-453bd8d87c2f: BUY 4.81928161631629e-05 BTC-USD @ MARKET
2026-09-18 12:48:31.347 | INFO     | broker.paper:_execute_market_order:112 - Order 0c5a2f01-e909-4b53-818c-453bd8d87c2f FILLED: BUY 4.81928161631629e-05 BTC-USD @ 78266.99. Comm: 1.00
2026-09-18 12:48:36.844 | INFO     | engine.decision:evaluate_and_execute:50 - BTC-USD: Decision BUY. Reason: Short MA (78209.53) > Long MA (77553.59). Executing...
2026-09-18 12:48:36.844 | INFO     | broker.paper:submit_order:58 - Submitted order a30ea4f1-92d3-4327-b0d2-6a48823ef12f: BUY 4.086907407614929e-05 BTC-USD @ MARKET
2026-09-18 12:48:37.029 | INFO     | broker.paper:_execute_market_order:112 - Order a30ea4f1-92d3-4327-b0d2-6a48823ef12f FILLED: BUY 4.086907407614929e-05 BTC-USD @ 78270.63. Comm: 1.00
2026-09-18 12:48:42.442 | INFO     | engine.decision:evaluate_and_execute:50 - BTC-USD: Decision BUY. Reason: Short MA (78210.75) > Long MA (77558.44). Executing...
2026-09-18 12:48:42.442 | INFO     | broker.paper:submit_order:58 - Submitted order dd9c5813-b868-44f0-b1d8-1bb095c3856b: BUY 3.442681417793327e-05 BTC-USD @ MARKET
2026-09-18 12:48:42.494 | INFO     | broker.paper:_execute_market_order:112 - Order dd9c5813-b868-44f0-b1d8-1bb095c3856b FILLED: BUY 3.442681417793327e-05 BTC-USD @ 78270.63. Comm: 1.00
2026-09-18 12:48:48.048 | INFO     | engine.decision:evaluate_and_execute:50 - BTC-USD: Decision BUY. Reason: Short MA (78213.15) > Long MA (77818.75). Executing...
2026-09-18 12:48:48.048 | INFO     | broker.paper:submit_order:58 - Submitted order 7643dc1a-ca5a-4ba3-a75c-eadbc312ce71: BUY 2.8756889766372265e-05 BTC-USD @ MARKET
2026-09-18 12:48:48.095 | INFO     | broker.paper:_execute_market_order:112 - Order 7643dc1a-ca5a-4ba3-a75c-eadbc312ce71 FILLED: BUY 2.8756889766372265e-05 BTC-USD @ 78274.21. Comm: 1.00
2026-09-18 12:48:53.498 | INFO     | engine.decision:evaluate_and_execute:50 - BTC-USD: Decision BUY. Reason: Short MA (78214.35) > Long MA (78025.27). Executing...
2026-09-18 12:48:53.498 | INFO     | broker.paper:submit_order:58 - Submitted order b62d4359-f273-4699-a406-71581cf756aa: BUY 2.3769252452839638e-05 BTC-USD @ MARKET
2026-09-18 12:48:53.548 | INFO     | broker.paper:_execute_market_order:112 - Order b62d4359-f273-4699-a406-71581cf756aa FILLED: BUY 2.3769252452839638e-05 BTC-USD @ 78274.21. Comm: 1.00
2026-09-18 12:48:58.989 | INFO     | engine.decision:evaluate_and_execute:50 - BTC-USD: Decision BUY. Reason: Short MA (78210.37) > Long MA (78204.89). Executing...
2026-09-18 12:48:58.989 | INFO     | broker.paper:submit_order:58 - Submitted order b4c2c94e-0876-4448-bb95-82a52ff9de3b: BUY 1.9384421996609084e-05 BTC-USD @ MARKET
2026-09-18 12:48:59.047 | INFO     | broker.paper:_execute_market_order:112 - Order b4c2c94e-0876-4448-bb95-82a52ff9de3b FILLED: BUY 1.9384421996609084e-05 BTC-USD @ 78258.70. Comm: 1.00
2026-09-18 12:49:04.540 | INFO     | engine.decision:evaluate_and_execute:59 - BTC-USD: Decision SELL (Close Position). Reason: Short MA (78205.21) < Long MA (78205.66). Executing...
2026-09-18 12:49:04.541 | INFO     | broker.paper:submit_order:58 - Submitted order 45e5f1ca-fa2d-4762-8ba0-c9201d4eb727: SELL 0.00039463112953620153 BTC-USD @ MARKET
2026-09-18 12:49:04.627 | INFO     | broker.paper:_execute_market_order:112 - Order 45e5f1ca-fa2d-4762-8ba0-c9201d4eb727 FILLED: SELL 0.00039463112953620153 BTC-USD @ 78141.40. Comm: 1.00
2026-09-18 12:49:10.152 | DEBUG    | engine.decision:evaluate_and_execute:62 - BTC-USD: SELL signal ignored (no open position).
2026-09-18 12:49:15.596 | INFO     | engine.decision:evaluate_and_execute:50 - BTC-USD: Decision BUY. Reason: Short MA (78211.94) > Long MA (78210.75). Executing...
2026-09-18 12:49:15.597 | INFO     | broker.paper:submit_order:58 - Submitted order a9c9ab18-d272-4607-add8-5f9df8f624a2: BUY 6.129372677795463e-05 BTC-USD @ MARKET
2026-09-18 12:49:15.653 | INFO     | broker.paper:_execute_market_order:112 - Order a9c9ab18-d272-4607-add8-5f9df8f624a2 FILLED: BUY 6.129372677795463e-05 BTC-USD @ 78276.56. Comm: 1.00
2026-09-18 12:49:21.117 | INFO     | engine.decision:evaluate_and_execute:50 - BTC-USD: Decision BUY. Reason: Short MA (78215.74) > Long MA (78211.06). Executing...
2026-09-18 12:49:21.117 | INFO     | broker.paper:submit_order:58 - Submitted order b1591fce-017e-46e1-8c0f-2e3dfbdc2b2b: BUY 5.240309923224119e-05 BTC-USD @ MARKET
2026-09-18 12:49:21.165 | INFO     | broker.paper:_execute_market_order:112 - Order b1591fce-017e-46e1-8c0f-2e3dfbdc2b2b FILLED: BUY 5.240309923224119e-05 BTC-USD @ 78270.12. Comm: 1.00
2026-09-18 12:49:26.555 | INFO     | engine.decision:evaluate_and_execute:50 - BTC-USD: Decision BUY. Reason: Short MA (78213.60) > Long MA (78211.38). Executing...
2026-09-18 12:49:26.555 | INFO     | broker.paper:submit_order:58 - Submitted order caa94c8e-62c6-445a-b385-2fc42f3b5cdb: BUY 4.457570811814437e-05 BTC-USD @ MARKET
2026-09-18 12:49:26.603 | INFO     | broker.paper:_execute_market_order:112 - Order caa94c8e-62c6-445a-b385-2fc42f3b5cdb FILLED: BUY 4.457570811814437e-05 BTC-USD @ 78270.12. Comm: 1.00
2026-09-18 12:49:32.074 | INFO     | engine.decision:evaluate_and_execute:50 - BTC-USD: Decision BUY. Reason: Short MA (78220.70) > Long MA (78214.10). Executing...
2026-09-18 12:49:32.074 | INFO     | broker.paper:submit_order:58 - Submitted order 44b56af1-9f7b-493f-9294-3880b1e351d4: BUY 3.76749524595393e-05 BTC-USD @ MARKET
2026-09-18 12:49:32.126 | INFO     | broker.paper:_execute_market_order:112 - Order 44b56af1-9f7b-493f-9294-3880b1e351d4 FILLED: BUY 3.76749524595393e-05 BTC-USD @ 78297.87. Comm: 1.00
2026-09-18 12:49:37.538 | INFO     | engine.decision:evaluate_and_execute:50 - BTC-USD: Decision BUY. Reason: Short MA (78229.94) > Long MA (78216.82). Executing...
2026-09-18 12:49:37.538 | INFO     | broker.paper:submit_order:58 - Submitted order cfbf3157-ad26-4b4d-afb5-f895f0eb0e8e: BUY 3.161680844146819e-05 BTC-USD @ MARKET
2026-09-18 12:49:37.591 | INFO     | broker.paper:_execute_market_order:112 - Order cfbf3157-ad26-4b4d-afb5-f895f0eb0e8e FILLED: BUY 3.161680844146819e-05 BTC-USD @ 78297.87. Comm: 1.00
2026-09-18 12:49:43.098 | INFO     | engine.decision:evaluate_and_execute:50 - BTC-USD: Decision BUY. Reason: Short MA (78240.05) > Long MA (78219.45). Executing...
2026-09-18 12:49:43.098 | INFO     | broker.paper:submit_order:58 - Submitted order c3af8390-1706-433d-897c-2f556e8bb932: BUY 2.628530775664669e-05 BTC-USD @ MARKET
2026-09-18 12:49:43.145 | INFO     | broker.paper:_execute_market_order:112 - Order c3af8390-1706-433d-897c-2f556e8bb932 FILLED: BUY 2.628530775664669e-05 BTC-USD @ 78300.49. Comm: 1.00
2026-09-18 12:49:48.561 | INFO     | engine.decision:evaluate_and_execute:50 - BTC-USD: Decision BUY. Reason: Short MA (78240.92) > Long MA (78222.07). Executing...
2026-09-18 12:49:48.562 | INFO     | broker.paper:submit_order:58 - Submitted order 626492d0-06a9-4b90-b8db-ce8d12893179: BUY 2.1594997645997644e-05 BTC-USD @ MARKET
2026-09-18 12:49:48.609 | INFO     | broker.paper:_execute_market_order:112 - Order 626492d0-06a9-4b90-b8db-ce8d12893179 FILLED: BUY 2.1594997645997644e-05 BTC-USD @ 78300.49. Comm: 1.00
2026-09-18 12:49:54.110 | INFO     | engine.decision:evaluate_and_execute:50 - BTC-USD: Decision BUY. Reason: Short MA (78257.54) > Long MA (78230.97). Executing...
2026-09-18 12:49:54.110 | INFO     | broker.paper:submit_order:58 - Submitted order 64e2d368-6a38-45ab-9294-3e8f91fd5020: BUY 1.7457406211753873e-05 BTC-USD @ MARKET
2026-09-18 12:49:54.161 | INFO     | broker.paper:_execute_market_order:112 - Order 64e2d368-6a38-45ab-9294-3e8f91fd5020 FILLED: BUY 1.7457406211753873e-05 BTC-USD @ 78347.77. Comm: 1.00
2026-09-18 12:49:59.678 | INFO     | engine.decision:evaluate_and_execute:50 - BTC-USD: Decision BUY. Reason: Short MA (78273.29) > Long MA (78239.87). Executing...
2026-09-18 12:49:59.678 | INFO     | broker.paper:submit_order:58 - Submitted order f9fc9b7e-49a8-4ad9-8dcc-678994668470: BUY 1.382816441948749e-05 BTC-USD @ MARKET
2026-09-18 12:49:59.728 | INFO     | broker.paper:_execute_market_order:112 - Order f9fc9b7e-49a8-4ad9-8dcc-678994668470 FILLED: BUY 1.382816441948749e-05 BTC-USD @ 78347.77. Comm: 1.00
2026-09-18 12:50:05.272 | INFO     | engine.decision:evaluate_and_execute:50 - BTC-USD: Decision BUY. Reason: Short MA (78288.59) > Long MA (78246.85). Executing...
2026-09-18 12:50:05.272 | INFO     | broker.paper:submit_order:58 - Submitted order 1bc11d36-a813-4cff-9489-3a4e45575b0a: BUY 1.063494298876982e-05 BTC-USD @ MARKET
2026-09-18 12:50:05.323 | INFO     | broker.paper:_execute_market_order:112 - Order 1bc11d36-a813-4cff-9489-3a4e45575b0a FILLED: BUY 1.063494298876982e-05 BTC-USD @ 78346.41. Comm: 1.00
2026-09-18 12:50:10.749 | INFO     | engine.decision:evaluate_and_execute:50 - BTC-USD: Decision BUY. Reason: Short MA (78288.13) > Long MA (78253.83). Executing...
2026-09-18 12:50:10.749 | INFO     | broker.paper:submit_order:58 - Submitted order fe0721af-ad13-4894-a0f2-e51551365dfb: BUY 7.824984292308751e-06 BTC-USD @ MARKET
2026-09-18 12:50:10.798 | INFO     | broker.paper:_execute_market_order:112 - Order fe0721af-ad13-4894-a0f2-e51551365dfb FILLED: BUY 7.824984292308751e-06 BTC-USD @ 78346.41. Comm: 1.00
2026-09-18 12:50:16.274 | INFO     | engine.decision:evaluate_and_execute:50 - BTC-USD: Decision BUY. Reason: Short MA (78287.68) > Long MA (78261.45). Executing...
2026-09-18 12:50:16.274 | INFO     | broker.paper:submit_order:58 - Submitted order f0493689-d17d-4683-ae73-246956058825: BUY 5.352473577855068e-06 BTC-USD @ MARKET
2026-09-18 12:50:16.323 | INFO     | broker.paper:_execute_market_order:112 - Order f0493689-d17d-4683-ae73-246956058825 FILLED: BUY 5.352473577855068e-06 BTC-USD @ 78346.41. Comm: 1.00
2026-09-18 12:50:22.030 | INFO     | engine.decision:evaluate_and_execute:50 - BTC-USD: Decision BUY. Reason: Short MA (78287.68) > Long MA (78269.07). Executing...
2026-09-18 12:50:22.030 | INFO     | broker.paper:submit_order:58 - Submitted order 2aa7bdc5-e7ba-44ea-a52d-1fe4556d2ed2: BUY 3.176886712187791e-06 BTC-USD @ MARKET
2026-09-18 12:50:22.084 | INFO     | broker.paper:_execute_market_order:112 - Order 2aa7bdc5-e7ba-44ea-a52d-1fe4556d2ed2 FILLED: BUY 3.176886712187791e-06 BTC-USD @ 78346.41. Comm: 1.00
2026-09-18 12:50:27.569 | INFO     | engine.decision:evaluate_and_execute:50 - BTC-USD: Decision BUY. Reason: Short MA (78290.58) > Long MA (78274.80). Executing...
2026-09-18 12:50:27.569 | INFO     | broker.paper:submit_order:58 - Submitted order 02566bd3-08e4-437f-b4d4-ad475d6413c6: BUY 1.2624256378901123e-06 BTC-USD @ MARKET
2026-09-18 12:50:27.621 | ERROR    | broker.paper:_execute_market_order:87 - Order 02566bd3-08e4-437f-b4d4-ad475d6413c6 rejected: Insufficient funds. Need 1.10, have 0.82
2026-09-18 12:50:33.194 | INFO     | engine.decision:evaluate_and_execute:50 - BTC-USD: Decision BUY. Reason: Short MA (78293.49) > Long MA (78280.52). Executing...
2026-09-18 12:50:33.194 | INFO     | broker.paper:submit_order:58 - Submitted order bdbc8321-234d-4732-9fa7-f1fc530a4d35: BUY 1.2624256378901123e-06 BTC-USD @ MARKET
2026-09-18 12:50:33.253 | ERROR    | broker.paper:_execute_market_order:87 - Order bdbc8321-234d-4732-9fa7-f1fc530a4d35 rejected: Insufficient funds. Need 1.10, have 0.82
2026-09-18 12:50:38.730 | INFO     | engine.decision:evaluate_and_execute:50 - BTC-USD: Decision BUY. Reason: Short MA (78282.34) > Long MA (78281.76). Executing...
2026-09-18 12:50:38.731 | INFO     | broker.paper:submit_order:58 - Submitted order a0687305-49e5-44da-95f4-9967902019e9: BUY 1.263105591674209e-06 BTC-USD @ MARKET
2026-09-18 12:50:38.776 | ERROR    | broker.paper:_execute_market_order:87 - Order a0687305-49e5-44da-95f4-9967902019e9 rejected: Insufficient funds. Need 1.10, have 0.82
2026-09-18 12:50:44.191 | INFO     | engine.decision:evaluate_and_execute:59 - BTC-USD: Decision SELL (Close Position). Reason: Short MA (78268.29) < Long MA (78283.01). Executing...
2026-09-18 12:50:44.191 | INFO     | broker.paper:submit_order:58 - Submitted order 30064d9a-344b-473f-89eb-a5aa54c7460a: SELL 0.00033371945863435484 BTC-USD @ MARKET
2026-09-18 12:50:44.238 | INFO     | broker.paper:_execute_market_order:112 - Order 30064d9a-344b-473f-89eb-a5aa54c7460a FILLED: SELL 0.00033371945863435484 BTC-USD @ 78195.56. Comm: 1.00
2026-09-18 12:50:49.665 | DEBUG    | engine.decision:evaluate_and_execute:62 - BTC-USD: SELL signal ignored (no open position).
2026-09-18 12:50:55.036 | DEBUG    | engine.decision:evaluate_and_execute:62 - BTC-USD: SELL signal ignored (no open position).
2026-09-18 12:51:00.458 | DEBUG    | engine.decision:evaluate_and_execute:62 - BTC-USD: SELL signal ignored (no open position).
2026-09-18 12:51:05.827 | DEBUG    | engine.decision:evaluate_and_execute:62 - BTC-USD: SELL signal ignored (no open position).
2026-09-18 12:51:11.294 | DEBUG    | engine.decision:evaluate_and_execute:62 - BTC-USD: SELL signal ignored (no open position).
2026-09-18 12:51:16.704 | DEBUG    | engine.decision:evaluate_and_execute:62 - BTC-USD: SELL signal ignored (no open position).
2026-09-18 12:51:22.154 | DEBUG    | engine.decision:evaluate_and_execute:62 - BTC-USD: SELL signal ignored (no open position).
2026-09-18 12:51:27.550 | DEBUG    | engine.decision:evaluate_and_execute:62 - BTC-USD: SELL signal ignored (no open position).
2026-09-18 12:51:33.017 | DEBUG    | engine.decision:evaluate_and_execute:62 - BTC-USD: SELL signal ignored (no open position).
2026-09-18 12:51:38.386 | DEBUG    | engine.decision:evaluate_and_execute:62 - BTC-USD: SELL signal ignored (no open position).
2026-09-18 12:51:43.902 | DEBUG    | engine.decision:evaluate_and_execute:62 - BTC-USD: SELL signal ignored (no open position).
2026-09-18 12:51:49.318 | DEBUG    | engine.decision:evaluate_and_execute:62 - BTC-USD: SELL signal ignored (no open position).
2026-09-18 12:51:54.849 | DEBUG    | engine.decision:evaluate_and_execute:62 - BTC-USD: SELL signal ignored (no open position).
2026-09-18 12:52:00.302 | DEBUG    | engine.decision:evaluate_and_execute:62 - BTC-USD: SELL signal ignored (no open position).
2026-09-18 12:52:05.872 | DEBUG    | engine.decision:evaluate_and_execute:62 - BTC-USD: SELL signal ignored (no open position).
2026-09-18 12:52:11.330 | DEBUG    | engine.decision:evaluate_and_execute:62 - BTC-USD: SELL signal ignored (no open position).
2026-09-18 12:52:16.730 | DEBUG    | engine.decision:evaluate_and_execute:62 - BTC-USD: SELL signal ignored (no open position).
2026-09-18 12:52:22.120 | DEBUG    | engine.decision:evaluate_and_execute:62 - BTC-USD: SELL signal ignored (no open position).
2026-09-18 12:52:27.643 | INFO     | engine.decision:evaluate_and_execute:50 - BTC-USD: Decision BUY. Reason: Short MA (78227.83) > Long MA (78225.28). Executing...
2026-09-18 12:52:27.644 | INFO     | broker.paper:submit_order:58 - Submitted order f4056528-9e84-44f6-89aa-dce66309528f: BUY 3.975536605802996e-05 BTC-USD @ MARKET
2026-09-18 12:52:27.699 | INFO     | broker.paper:_execute_market_order:112 - Order f4056528-9e84-44f6-89aa-dce66309528f FILLED: BUY 3.975536605802996e-05 BTC-USD @ 78294.39. Comm: 1.00
2026-09-18 12:52:33.103 | INFO     | engine.decision:evaluate_and_execute:50 - BTC-USD: Decision BUY. Reason: Short MA (78231.77) > Long MA (78226.47). Executing...
2026-09-18 12:52:33.103 | INFO     | broker.paper:submit_order:58 - Submitted order 320d8349-3fb3-4895-b7ef-ba93c27e7291: BUY 3.3447316984037156e-05 BTC-USD @ MARKET
2026-09-18 12:52:33.146 | INFO     | broker.paper:_execute_market_order:112 - Order 320d8349-3fb3-4895-b7ef-ba93c27e7291 FILLED: BUY 3.3447316984037156e-05 BTC-USD @ 78294.39. Comm: 1.00
2026-09-18 12:52:38.703 | INFO     | engine.decision:evaluate_and_execute:50 - BTC-USD: Decision BUY. Reason: Short MA (78231.35) > Long MA (78225.99). Executing...
2026-09-18 12:52:38.703 | INFO     | broker.paper:submit_order:58 - Submitted order 92ad0684-5e56-40b1-9dce-87dd212a865b: BUY 2.7901460140969353e-05 BTC-USD @ MARKET
2026-09-18 12:52:38.781 | INFO     | broker.paper:_execute_market_order:112 - Order 92ad0684-5e56-40b1-9dce-87dd212a865b FILLED: BUY 2.7901460140969353e-05 BTC-USD @ 78281.32. Comm: 1.00
2026-09-18 12:52:44.253 | INFO     | engine.decision:evaluate_and_execute:50 - BTC-USD: Decision BUY. Reason: Short MA (78226.99) > Long MA (78225.50). Executing...
2026-09-18 12:52:44.253 | INFO     | broker.paper:submit_order:58 - Submitted order a2d3ffcd-5346-44ee-950d-d06a99fb9708: BUY 2.3016690670681198e-05 BTC-USD @ MARKET
2026-09-18 12:52:44.299 | INFO     | broker.paper:_execute_market_order:112 - Order a2d3ffcd-5346-44ee-950d-d06a99fb9708 FILLED: BUY 2.3016690670681198e-05 BTC-USD @ 78281.32. Comm: 1.00
2026-09-18 12:52:49.786 | INFO     | engine.decision:evaluate_and_execute:50 - BTC-USD: Decision BUY. Reason: Short MA (78229.68) > Long MA (78227.62). Executing...
2026-09-18 12:52:49.786 | INFO     | broker.paper:submit_order:58 - Submitted order c659bcd2-9205-4445-8231-a069989eea27: BUY 1.8713483167779005e-05 BTC-USD @ MARKET
2026-09-18 12:52:49.833 | INFO     | broker.paper:_execute_market_order:112 - Order c659bcd2-9205-4445-8231-a069989eea27 FILLED: BUY 1.8713483167779005e-05 BTC-USD @ 78302.44. Comm: 1.00
2026-09-18 12:52:55.289 | INFO     | engine.decision:evaluate_and_execute:50 - BTC-USD: Decision BUY. Reason: Short MA (78236.71) > Long MA (78229.73). Executing...
2026-09-18 12:52:55.289 | INFO     | broker.paper:submit_order:58 - Submitted order 993c29da-27fa-42a7-a941-d8dafa1f714f: BUY 1.4932511870069726e-05 BTC-USD @ MARKET
2026-09-18 12:52:55.336 | INFO     | broker.paper:_execute_market_order:112 - Order 993c29da-27fa-42a7-a941-d8dafa1f714f FILLED: BUY 1.4932511870069726e-05 BTC-USD @ 78302.44. Comm: 1.00
2026-09-18 12:53:00.912 | INFO     | engine.decision:evaluate_and_execute:50 - BTC-USD: Decision BUY. Reason: Short MA (78245.01) > Long MA (78232.21). Executing...
2026-09-18 12:53:00.912 | INFO     | broker.paper:submit_order:58 - Submitted order 7f86311d-ac0e-43f0-a076-2fd7c1f933ac: BUY 1.1605037799593592e-05 BTC-USD @ MARKET
2026-09-18 12:53:00.964 | INFO     | broker.paper:_execute_market_order:112 - Order 7f86311d-ac0e-43f0-a076-2fd7c1f933ac FILLED: BUY 1.1605037799593592e-05 BTC-USD @ 78306.22. Comm: 1.00
2026-09-18 12:53:06.391 | INFO     | engine.decision:evaluate_and_execute:50 - BTC-USD: Decision BUY. Reason: Short MA (78246.27) > Long MA (78234.70). Executing...
2026-09-18 12:53:06.392 | INFO     | broker.paper:submit_order:58 - Submitted order 4d15dfe0-dcb5-43a4-acab-857386f5f16c: BUY 8.677793772988748e-06 BTC-USD @ MARKET
2026-09-18 12:53:06.442 | INFO     | broker.paper:_execute_market_order:112 - Order 4d15dfe0-dcb5-43a4-acab-857386f5f16c FILLED: BUY 8.677793772988748e-06 BTC-USD @ 78306.22. Comm: 1.00
2026-09-18 12:53:12.003 | INFO     | engine.decision:evaluate_and_execute:50 - BTC-USD: Decision BUY. Reason: Short MA (78251.54) > Long MA (78238.27). Executing...
2026-09-18 12:53:12.003 | INFO     | broker.paper:submit_order:58 - Submitted order 6713966c-6fde-4615-8351-549e8bb4c930: BUY 6.101142593241086e-06 BTC-USD @ MARKET
2026-09-18 12:53:12.048 | INFO     | broker.paper:_execute_market_order:112 - Order 6713966c-6fde-4615-8351-549e8bb4c930 FILLED: BUY 6.101142593241086e-06 BTC-USD @ 78318.28. Comm: 1.00
2026-09-18 12:53:17.444 | INFO     | engine.decision:evaluate_and_execute:50 - BTC-USD: Decision BUY. Reason: Short MA (78255.56) > Long MA (78241.84). Executing...
2026-09-18 12:53:17.444 | INFO     | broker.paper:submit_order:58 - Submitted order b1a75927-b18d-4f83-8e10-5486c73f3fef: BUY 3.8350976512887095e-06 BTC-USD @ MARKET
2026-09-18 12:53:17.496 | INFO     | broker.paper:_execute_market_order:112 - Order b1a75927-b18d-4f83-8e10-5486c73f3fef FILLED: BUY 3.8350976512887095e-06 BTC-USD @ 78318.28. Comm: 1.00
2026-09-18 12:53:22.968 | INFO     | engine.decision:evaluate_and_execute:50 - BTC-USD: Decision BUY. Reason: Short MA (78253.84) > Long MA (78242.51). Executing...
2026-09-18 12:53:22.968 | INFO     | broker.paper:submit_order:58 - Submitted order 1714ed36-66e1-4e2f-b2ad-28e98f87ae55: BUY 1.84158708438091e-06 BTC-USD @ MARKET
2026-09-18 12:53:23.019 | INFO     | broker.paper:_execute_market_order:112 - Order 1714ed36-66e1-4e2f-b2ad-28e98f87ae55 FILLED: BUY 1.84158708438091e-06 BTC-USD @ 78301.06. Comm: 1.00
2026-09-18 12:53:28.547 | INFO     | engine.decision:evaluate_and_execute:50 - BTC-USD: Decision BUY. Reason: Short MA (78248.10) > Long MA (78243.17). Executing...
2026-09-18 12:53:28.547 | INFO     | broker.paper:submit_order:58 - Submitted order 180fb937-b5e3-44b3-be18-cea63a64205b: BUY 8.673493518734559e-08 BTC-USD @ MARKET
2026-09-18 12:53:28.598 | ERROR    | broker.paper:_execute_market_order:87 - Order 180fb937-b5e3-44b3-be18-cea63a64205b rejected: Insufficient funds. Need 1.01, have 0.06
2026-09-18 12:53:34.000 | INFO     | engine.decision:evaluate_and_execute:59 - BTC-USD: Decision SELL (Close Position). Reason: Short MA (78243.41) < Long MA (78245.46). Executing...
2026-09-18 12:53:34.001 | INFO     | broker.paper:submit_order:58 - Submitted order a1b3e7fb-b39c-4bb2-b823-1a69efb7580c: SELL 0.0001898274877930595 BTC-USD @ MARKET
2026-09-18 12:53:34.048 | INFO     | broker.paper:_execute_market_order:112 - Order a1b3e7fb-b39c-4bb2-b823-1a69efb7580c FILLED: SELL 0.0001898274877930595 BTC-USD @ 78186.83. Comm: 1.00
2026-09-18 12:53:39.413 | DEBUG    | engine.decision:evaluate_and_execute:62 - BTC-USD: SELL signal ignored (no open position).
2026-09-18 12:53:44.895 | INFO     | engine.decision:evaluate_and_execute:50 - BTC-USD: Decision BUY. Reason: Short MA (78251.37) > Long MA (78249.68). Executing...
2026-09-18 12:53:44.895 | INFO     | broker.paper:submit_order:58 - Submitted order ca9f02b1-fe8a-4819-96f8-99836f502e92: BUY 2.131051785565328e-05 BTC-USD @ MARKET
2026-09-18 12:53:44.943 | INFO     | broker.paper:_execute_market_order:112 - Order ca9f02b1-fe8a-4819-96f8-99836f502e92 FILLED: BUY 2.131051785565328e-05 BTC-USD @ 78321.82. Comm: 1.00
2026-09-18 12:53:50.348 | INFO     | engine.decision:evaluate_and_execute:50 - BTC-USD: Decision BUY. Reason: Short MA (78257.24) > Long MA (78251.62). Executing...
2026-09-18 12:53:50.348 | INFO     | broker.paper:submit_order:58 - Submitted order fec86719-cc88-4ebb-a61c-a7ada80ea798: BUY 1.721804799580143e-05 BTC-USD @ MARKET
2026-09-18 12:53:50.397 | INFO     | broker.paper:_execute_market_order:112 - Order fec86719-cc88-4ebb-a61c-a7ada80ea798 FILLED: BUY 1.721804799580143e-05 BTC-USD @ 78321.82. Comm: 1.00
2026-09-18 12:53:55.901 | INFO     | engine.decision:evaluate_and_execute:50 - BTC-USD: Decision BUY. Reason: Short MA (78261.72) > Long MA (78252.76). Executing...
2026-09-18 12:53:55.902 | INFO     | broker.paper:submit_order:58 - Submitted order 07b38fd6-3c31-4dbc-92cf-e8428d8d2e81: BUY 1.3617770167851062e-05 BTC-USD @ MARKET
2026-09-18 12:53:55.951 | INFO     | broker.paper:_execute_market_order:112 - Order 07b38fd6-3c31-4dbc-92cf-e8428d8d2e81 FILLED: BUY 1.3617770167851062e-05 BTC-USD @ 78317.63. Comm: 1.00
2026-09-18 12:54:01.339 | INFO     | engine.decision:evaluate_and_execute:50 - BTC-USD: Decision BUY. Reason: Short MA (78260.32) > Long MA (78253.90). Executing...
2026-09-18 12:54:01.339 | INFO     | broker.paper:submit_order:58 - Submitted order 27187b6b-1646-4adc-890a-fe34df41b3ed: BUY 1.0449040602618025e-05 BTC-USD @ MARKET
2026-09-18 12:54:01.391 | INFO     | broker.paper:_execute_market_order:112 - Order 27187b6b-1646-4adc-890a-fe34df41b3ed FILLED: BUY 1.0449040602618025e-05 BTC-USD @ 78317.63. Comm: 1.00
2026-09-18 12:54:06.907 | INFO     | engine.decision:evaluate_and_execute:50 - BTC-USD: Decision BUY. Reason: Short MA (78254.45) > Long MA (78252.49). Executing...
2026-09-18 12:54:06.907 | INFO     | broker.paper:submit_order:58 - Submitted order 74cbf2e2-a25d-4c4e-85bd-ea503b9ce9e0: BUY 7.662158689400129e-06 BTC-USD @ MARKET
2026-09-18 12:54:06.959 | INFO     | broker.paper:_execute_market_order:112 - Order 74cbf2e2-a25d-4c4e-85bd-ea503b9ce9e0 FILLED: BUY 7.662158689400129e-06 BTC-USD @ 78304.19. Comm: 1.00
2026-09-18 12:54:12.325 | INFO     | engine.decision:evaluate_and_execute:59 - BTC-USD: Decision SELL (Close Position). Reason: Short MA (78249.98) < Long MA (78251.08). Executing...
2026-09-18 12:54:12.326 | INFO     | broker.paper:submit_order:58 - Submitted order 6b5a48f5-f024-4004-90e2-c3574f05e5b0: SELL 7.025753531132393e-05 BTC-USD @ MARKET
2026-09-18 12:54:12.378 | INFO     | broker.paper:_execute_market_order:112 - Order 6b5a48f5-f024-4004-90e2-c3574f05e5b0 FILLED: SELL 7.025753531132393e-05 BTC-USD @ 78186.83. Comm: 1.00
2026-09-18 12:54:17.810 | DEBUG    | engine.decision:evaluate_and_execute:62 - BTC-USD: SELL signal ignored (no open position).
2026-09-18 12:54:23.365 | DEBUG    | engine.decision:evaluate_and_execute:62 - BTC-USD: SELL signal ignored (no open position).
2026-09-18 12:54:28.829 | DEBUG    | engine.decision:evaluate_and_execute:62 - BTC-USD: SELL signal ignored (no open position).
2026-09-18 12:54:34.324 | DEBUG    | engine.decision:evaluate_and_execute:62 - BTC-USD: SELL signal ignored (no open position).
2026-09-18 12:54:39.771 | DEBUG    | engine.decision:evaluate_and_execute:62 - BTC-USD: SELL signal ignored (no open position).
2026-09-18 12:54:45.178 | DEBUG    | engine.decision:evaluate_and_execute:62 - BTC-USD: SELL signal ignored (no open position).
2026-09-18 12:54:50.675 | DEBUG    | engine.decision:evaluate_and_execute:62 - BTC-USD: SELL signal ignored (no open position).
2026-09-18 12:54:56.073 | DEBUG    | engine.decision:evaluate_and_execute:62 - BTC-USD: SELL signal ignored (no open position).
2026-09-18 12:55:01.502 | DEBUG    | engine.decision:evaluate_and_execute:62 - BTC-USD: SELL signal ignored (no open position).
2026-09-18 12:55:06.924 | DEBUG    | engine.decision:evaluate_and_execute:62 - BTC-USD: SELL signal ignored (no open position).
2026-09-18 12:55:12.505 | INFO     | engine.decision:evaluate_and_execute:50 - BTC-USD: Decision BUY. Reason: Short MA (78243.95) > Long MA (78243.92). Executing...
2026-09-18 12:55:12.506 | INFO     | broker.paper:submit_order:58 - Submitted order c64cb13e-c1f2-4480-9fdb-f9c1ead987d4: BUY 1.2099144214709118e-05 BTC-USD @ MARKET
2026-09-18 12:55:12.552 | INFO     | broker.paper:_execute_market_order:112 - Order c64cb13e-c1f2-4480-9fdb-f9c1ead987d4 FILLED: BUY 1.2099144214709118e-05 BTC-USD @ 78305.35. Comm: 1.00
2026-09-18 12:55:18.032 | INFO     | engine.decision:evaluate_and_execute:50 - BTC-USD: Decision BUY. Reason: Short MA (78245.30) > Long MA (78244.15). Executing...
2026-09-18 12:55:18.032 | INFO     | broker.paper:submit_order:58 - Submitted order f8a9ebf6-ce16-48e7-8d8d-10aa406e4fab: BUY 9.112545944865325e-06 BTC-USD @ MARKET
2026-09-18 12:55:18.087 | INFO     | broker.paper:_execute_market_order:112 - Order f8a9ebf6-ce16-48e7-8d8d-10aa406e4fab FILLED: BUY 9.112545944865325e-06 BTC-USD @ 78305.35. Comm: 1.00
2026-09-18 12:55:23.574 | INFO     | engine.decision:evaluate_and_execute:50 - BTC-USD: Decision BUY. Reason: Short MA (78248.66) > Long MA (78244.81). Executing...
2026-09-18 12:55:23.574 | INFO     | broker.paper:submit_order:58 - Submitted order 326a2a9d-e041-4481-b219-c64fadd03caf: BUY 6.484111100561902e-06 BTC-USD @ MARKET
2026-09-18 12:55:23.622 | INFO     | broker.paper:_execute_market_order:112 - Order 326a2a9d-e041-4481-b219-c64fadd03caf FILLED: BUY 6.484111100561902e-06 BTC-USD @ 78311.36. Comm: 1.00
2026-09-18 12:55:29.125 | INFO     | engine.decision:evaluate_and_execute:50 - BTC-USD: Decision BUY. Reason: Short MA (78250.66) > Long MA (78245.46). Executing...
2026-09-18 12:55:29.125 | INFO     | broker.paper:submit_order:58 - Submitted order 9e730c2e-14a4-41c8-ba18-62ba9dd65144: BUY 4.171939830871528e-06 BTC-USD @ MARKET
2026-09-18 12:55:29.174 | INFO     | broker.paper:_execute_market_order:112 - Order 9e730c2e-14a4-41c8-ba18-62ba9dd65144 FILLED: BUY 4.171939830871528e-06 BTC-USD @ 78311.36. Comm: 1.00
2026-09-18 12:55:34.669 | INFO     | engine.decision:evaluate_and_execute:50 - BTC-USD: Decision BUY. Reason: Short MA (78252.32) > Long MA (78246.50). Executing...
2026-09-18 12:55:34.670 | INFO     | broker.paper:submit_order:58 - Submitted order 25b8d28a-710a-4fce-9f5c-0b5fedf06cf2: BUY 2.137465198756287e-06 BTC-USD @ MARKET
2026-09-18 12:55:34.722 | INFO     | broker.paper:_execute_market_order:112 - Order 25b8d28a-710a-4fce-9f5c-0b5fedf06cf2 FILLED: BUY 2.137465198756287e-06 BTC-USD @ 78310.33. Comm: 1.00
2026-09-18 12:55:40.214 | INFO     | engine.decision:evaluate_and_execute:50 - BTC-USD: Decision BUY. Reason: Short MA (78251.97) > Long MA (78247.55). Executing...
2026-09-18 12:55:40.214 | INFO     | broker.paper:submit_order:58 - Submitted order 934a7fbc-4277-45dd-befc-83d0b13c5c9f: BUY 3.4726264434769745e-07 BTC-USD @ MARKET
2026-09-18 12:55:40.265 | ERROR    | broker.paper:_execute_market_order:87 - Order 934a7fbc-4277-45dd-befc-83d0b13c5c9f rejected: Insufficient funds. Need 1.03, have 0.23
2026-09-18 12:55:45.886 | INFO     | engine.decision:evaluate_and_execute:50 - BTC-USD: Decision BUY. Reason: Short MA (78251.63) > Long MA (78248.29). Executing...
2026-09-18 12:55:45.887 | INFO     | broker.paper:submit_order:58 - Submitted order a39f0100-bb31-452c-8887-6a7d91d715c2: BUY 3.472627136878467e-07 BTC-USD @ MARKET
2026-09-18 12:55:45.934 | ERROR    | broker.paper:_execute_market_order:87 - Order a39f0100-bb31-452c-8887-6a7d91d715c2 rejected: Insufficient funds. Need 1.03, have 0.23
2026-09-18 12:55:51.382 | INFO     | engine.decision:evaluate_and_execute:50 - BTC-USD: Decision BUY. Reason: Short MA (78251.62) > Long MA (78249.03). Executing...
2026-09-18 12:55:51.382 | INFO     | broker.paper:submit_order:58 - Submitted order 0c267c36-c25f-40f1-845f-e3f4ce9d580c: BUY 3.472627136878467e-07 BTC-USD @ MARKET
2026-09-18 12:55:51.439 | ERROR    | broker.paper:_execute_market_order:87 - Order 0c267c36-c25f-40f1-845f-e3f4ce9d580c rejected: Insufficient funds. Need 1.03, have 0.23
2026-09-18 12:55:56.896 | INFO     | engine.decision:evaluate_and_execute:59 - BTC-USD: Decision SELL (Close Position). Reason: Short MA (78244.41) < Long MA (78247.77). Executing...
2026-09-18 12:55:56.897 | INFO     | broker.paper:submit_order:58 - Submitted order 6e26aaa0-6591-4d73-b813-78d0bbd834c3: SELL 3.400520628976416e-05 BTC-USD @ MARKET
2026-09-18 12:55:56.948 | INFO     | broker.paper:_execute_market_order:112 - Order 6e26aaa0-6591-4d73-b813-78d0bbd834c3 FILLED: SELL 3.400520628976416e-05 BTC-USD @ 78171.34. Comm: 1.00
2026-09-18 12:56:02.327 | DEBUG    | engine.decision:evaluate_and_execute:62 - BTC-USD: SELL signal ignored (no open position).
2026-09-18 12:56:07.789 | DEBUG    | engine.decision:evaluate_and_execute:62 - BTC-USD: SELL signal ignored (no open position).
2026-09-18 12:56:13.212 | DEBUG    | engine.decision:evaluate_and_execute:62 - BTC-USD: SELL signal ignored (no open position).
2026-09-18 12:56:18.645 | DEBUG    | engine.decision:evaluate_and_execute:62 - BTC-USD: SELL signal ignored (no open position).
2026-09-18 12:56:24.045 | DEBUG    | engine.decision:evaluate_and_execute:62 - BTC-USD: SELL signal ignored (no open position).
2026-09-18 12:56:29.522 | DEBUG    | engine.decision:evaluate_and_execute:62 - BTC-USD: SELL signal ignored (no open position).
2026-09-18 12:56:34.961 | DEBUG    | engine.decision:evaluate_and_execute:62 - BTC-USD: SELL signal ignored (no open position).
2026-09-18 12:56:40.400 | DEBUG    | engine.decision:evaluate_and_execute:62 - BTC-USD: SELL signal ignored (no open position).
2026-09-18 12:56:45.790 | DEBUG    | engine.decision:evaluate_and_execute:62 - BTC-USD: SELL signal ignored (no open position).
2026-09-18 12:56:51.219 | DEBUG    | engine.decision:evaluate_and_execute:62 - BTC-USD: SELL signal ignored (no open position).
2026-09-18 12:56:56.774 | DEBUG    | engine.decision:evaluate_and_execute:62 - BTC-USD: SELL signal ignored (no open position).
2026-09-18 12:57:02.325 | INFO     | engine.decision:evaluate_and_execute:50 - BTC-USD: Decision BUY. Reason: Short MA (78212.94) > Long MA (78210.69). Executing...
2026-09-18 12:57:02.325 | INFO     | broker.paper:submit_order:58 - Submitted order 1ff05bcf-3140-4e0f-97de-cdb4c4f4e7aa: BUY 2.891253318710802e-06 BTC-USD @ MARKET
2026-09-18 12:57:02.374 | INFO     | broker.paper:_execute_market_order:112 - Order 1ff05bcf-3140-4e0f-97de-cdb4c4f4e7aa FILLED: BUY 2.891253318710802e-06 BTC-USD @ 78281.42. Comm: 1.00
2026-09-18 12:57:07.830 | INFO     | engine.decision:evaluate_and_execute:50 - BTC-USD: Decision BUY. Reason: Short MA (78217.84) > Long MA (78210.18). Executing...
2026-09-18 12:57:07.830 | INFO     | broker.paper:submit_order:58 - Submitted order dc9b5bb4-db0f-4845-ae53-b382b2937be8: BUY 1.0099619526763316e-06 BTC-USD @ MARKET
2026-09-18 12:57:07.888 | ERROR    | broker.paper:_execute_market_order:87 - Order dc9b5bb4-db0f-4845-ae53-b382b2937be8 rejected: Insufficient funds. Need 1.08, have 0.66
2026-09-18 12:57:13.359 | INFO     | engine.decision:evaluate_and_execute:50 - BTC-USD: Decision BUY. Reason: Short MA (78222.74) > Long MA (78212.17). Executing...
2026-09-18 12:57:13.361 | INFO     | broker.paper:submit_order:58 - Submitted order 1566bf92-02c1-49f7-bf54-7607596aca6b: BUY 1.0099619526763316e-06 BTC-USD @ MARKET
2026-09-18 12:57:13.404 | ERROR    | broker.paper:_execute_market_order:87 - Order 1566bf92-02c1-49f7-bf54-7607596aca6b rejected: Insufficient funds. Need 1.08, have 0.66
2026-09-18 12:57:18.830 | INFO     | engine.decision:evaluate_and_execute:50 - BTC-USD: Decision BUY. Reason: Short MA (78222.74) > Long MA (78214.17). Executing...
2026-09-18 12:57:18.830 | INFO     | broker.paper:submit_order:58 - Submitted order f3563e54-7fca-4d62-b6e8-66e9d359e52a: BUY 1.0099619526763316e-06 BTC-USD @ MARKET
2026-09-18 12:57:18.881 | ERROR    | broker.paper:_execute_market_order:87 - Order f3563e54-7fca-4d62-b6e8-66e9d359e52a rejected: Insufficient funds. Need 1.08, have 0.66
2026-09-18 12:57:24.369 | INFO     | engine.decision:evaluate_and_execute:50 - BTC-USD: Decision BUY. Reason: Short MA (78222.74) > Long MA (78216.16). Executing...
2026-09-18 12:57:24.369 | INFO     | broker.paper:submit_order:58 - Submitted order f24c14bd-5d35-4ece-9ddd-6459e22eb542: BUY 1.0099619526763316e-06 BTC-USD @ MARKET
2026-09-18 12:57:24.421 | ERROR    | broker.paper:_execute_market_order:87 - Order f24c14bd-5d35-4ece-9ddd-6459e22eb542 rejected: Insufficient funds. Need 1.08, have 0.66
2026-09-18 12:57:30.038 | INFO     | engine.decision:evaluate_and_execute:50 - BTC-USD: Decision BUY. Reason: Short MA (78222.74) > Long MA (78218.15). Executing...
2026-09-18 12:57:30.038 | INFO     | broker.paper:submit_order:58 - Submitted order 97e9bca0-588f-46f5-acac-6c0f1592cf21: BUY 1.0099619526763316e-06 BTC-USD @ MARKET
2026-09-18 12:57:30.089 | ERROR    | broker.paper:_execute_market_order:87 - Order 97e9bca0-588f-46f5-acac-6c0f1592cf21 rejected: Insufficient funds. Need 1.08, have 0.66
2026-09-18 12:57:35.673 | INFO     | engine.decision:evaluate_and_execute:50 - BTC-USD: Decision BUY. Reason: Short MA (78224.46) > Long MA (78219.49). Executing...
2026-09-18 12:57:35.673 | INFO     | broker.paper:submit_order:58 - Submitted order 92da1c26-c394-4881-aaa9-08403444a818: BUY 1.0098955845799915e-06 BTC-USD @ MARKET
2026-09-18 12:57:35.725 | ERROR    | broker.paper:_execute_market_order:87 - Order 92da1c26-c394-4881-aaa9-08403444a818 rejected: Insufficient funds. Need 1.08, have 0.66
2026-09-18 12:57:41.479 | INFO     | engine.decision:evaluate_and_execute:50 - BTC-USD: Decision BUY. Reason: Short MA (78226.17) > Long MA (78220.83). Executing...
2026-09-18 12:57:41.479 | INFO     | broker.paper:submit_order:58 - Submitted order 5f294741-5f49-45c4-a6a3-4e5a15d10aed: BUY 1.0098955845799915e-06 BTC-USD @ MARKET
2026-09-18 12:57:41.565 | ERROR    | broker.paper:_execute_market_order:87 - Order 5f294741-5f49-45c4-a6a3-4e5a15d10aed rejected: Insufficient funds. Need 1.08, have 0.66
2026-09-18 12:57:47.173 | INFO     | engine.decision:evaluate_and_execute:50 - BTC-USD: Decision BUY. Reason: Short MA (78226.64) > Long MA (78222.44). Executing...
2026-09-18 12:57:47.175 | INFO     | broker.paper:submit_order:58 - Submitted order 2f3ea6b8-481b-42fe-b825-dbd7d8139150: BUY 1.0099437964033096e-06 BTC-USD @ MARKET
2026-09-18 12:57:47.221 | ERROR    | broker.paper:_execute_market_order:87 - Order 2f3ea6b8-481b-42fe-b825-dbd7d8139150 rejected: Insufficient funds. Need 1.08, have 0.66
2026-09-18 12:57:52.651 | INFO     | engine.decision:evaluate_and_execute:50 - BTC-USD: Decision BUY. Reason: Short MA (78225.39) > Long MA (78224.05). Executing...
2026-09-18 12:57:52.651 | INFO     | broker.paper:submit_order:58 - Submitted order 99d43790-19a8-4fc0-afcf-07595eb5e1b6: BUY 1.0099437964033096e-06 BTC-USD @ MARKET
2026-09-18 12:57:52.699 | ERROR    | broker.paper:_execute_market_order:87 - Order 99d43790-19a8-4fc0-afcf-07595eb5e1b6 rejected: Insufficient funds. Need 1.08, have 0.66
2026-09-18 12:57:58.139 | INFO     | engine.decision:evaluate_and_execute:59 - BTC-USD: Decision SELL (Close Position). Reason: Short MA (78221.10) < Long MA (78223.28). Executing...
2026-09-18 12:57:58.139 | INFO     | broker.paper:submit_order:58 - Submitted order 2696d107-2913-42db-9d91-c63389acda33: SELL 2.891253318710802e-06 BTC-USD @ MARKET
2026-09-18 12:57:58.192 | INFO     | broker.paper:_execute_market_order:112 - Order 2696d107-2913-42db-9d91-c63389acda33 FILLED: SELL 2.891253318710802e-06 BTC-USD @ 78156.35. Comm: 1.00
2026-09-18 12:58:03.562 | DEBUG    | engine.decision:evaluate_and_execute:62 - BTC-USD: SELL signal ignored (no open position).
2026-09-18 12:58:09.029 | DEBUG    | engine.decision:evaluate_and_execute:62 - BTC-USD: SELL signal ignored (no open position).
2026-09-18 12:58:14.413 | DEBUG    | engine.decision:evaluate_and_execute:62 - BTC-USD: SELL signal ignored (no open position).
2026-09-18 12:58:19.870 | DEBUG    | engine.decision:evaluate_and_execute:62 - BTC-USD: SELL signal ignored (no open position).
2026-09-18 12:58:25.247 | DEBUG    | engine.decision:evaluate_and_execute:62 - BTC-USD: SELL signal ignored (no open position).
2026-09-18 12:58:30.704 | DEBUG    | engine.decision:evaluate_and_execute:62 - BTC-USD: SELL signal ignored (no open position).
2026-09-18 12:58:36.084 | DEBUG    | engine.decision:evaluate_and_execute:62 - BTC-USD: SELL signal ignored (no open position).
2026-09-18 12:58:41.520 | DEBUG    | engine.decision:evaluate_and_execute:62 - BTC-USD: SELL signal ignored (no open position).
2026-09-18 12:58:46.882 | DEBUG    | engine.decision:evaluate_and_execute:62 - BTC-USD: SELL signal ignored (no open position).
2026-09-18 12:58:52.374 | DEBUG    | engine.decision:evaluate_and_execute:62 - BTC-USD: SELL signal ignored (no open position).
2026-09-18 12:58:57.755 | DEBUG    | engine.decision:evaluate_and_execute:62 - BTC-USD: SELL signal ignored (no open position).
2026-09-18 12:59:03.193 | DEBUG    | engine.decision:evaluate_and_execute:62 - BTC-USD: SELL signal ignored (no open position).
2026-09-18 12:59:08.585 | DEBUG    | engine.decision:evaluate_and_execute:62 - BTC-USD: SELL signal ignored (no open position).
2026-09-18 12:59:13.937 | DEBUG    | engine.decision:evaluate_and_execute:62 - BTC-USD: SELL signal ignored (no open position).
2026-09-18 12:59:19.361 | DEBUG    | engine.decision:evaluate_and_execute:33 - BTC-USD: HOLD. Reason: No clear consensus
2026-09-18 12:59:24.720 | DEBUG    | engine.decision:evaluate_and_execute:33 - BTC-USD: HOLD. Reason: No clear consensus
2026-09-18 12:59:30.034 | DEBUG    | engine.decision:evaluate_and_execute:33 - BTC-USD: HOLD. Reason: No clear consensus
2026-09-18 12:59:35.438 | WARNING  | engine.decision:evaluate_and_execute:47 - BTC-USD: Trade is not viable due to costs/low expected return.
2026-09-18 12:59:40.903 | WARNING  | engine.decision:evaluate_and_execute:47 - BTC-USD: Trade is not viable due to costs/low expected return.
2026-09-18 12:59:46.516 | WARNING  | engine.decision:evaluate_and_execute:47 - BTC-USD: Trade is not viable due to costs/low expected return.
2026-09-18 12:59:51.951 | WARNING  | engine.decision:evaluate_and_execute:47 - BTC-USD: Trade is not viable due to costs/low expected return.
2026-09-18 12:59:57.669 | WARNING  | engine.decision:evaluate_and_execute:47 - BTC-USD: Trade is not viable due to costs/low expected return.
2026-09-18 13:00:03.374 | WARNING  | engine.decision:evaluate_and_execute:47 - BTC-USD: Trade is not viable due to costs/low expected return.
2026-09-18 13:00:09.056 | WARNING  | engine.decision:evaluate_and_execute:47 - BTC-USD: Trade is not viable due to costs/low expected return.
2026-09-18 13:00:14.795 | WARNING  | engine.decision:evaluate_and_execute:47 - BTC-USD: Trade is not viable due to costs/low expected return.
2026-09-18 13:00:20.544 | DEBUG    | engine.decision:evaluate_and_execute:62 - BTC-USD: SELL signal ignored (no open position).
2026-09-18 13:00:26.325 | DEBUG    | engine.decision:evaluate_and_execute:62 - BTC-USD: SELL signal ignored (no open position).
2026-09-18 13:00:32.264 | DEBUG    | engine.decision:evaluate_and_execute:62 - BTC-USD: SELL signal ignored (no open position).
2026-09-18 13:00:37.713 | DEBUG    | engine.decision:evaluate_and_execute:62 - BTC-USD: SELL signal ignored (no open position).
2026-09-18 13:00:43.150 | DEBUG    | engine.decision:evaluate_and_execute:62 - BTC-USD: SELL signal ignored (no open position).
2026-09-18 13:00:48.530 | DEBUG    | engine.decision:evaluate_and_execute:62 - BTC-USD: SELL signal ignored (no open position).
2026-09-18 13:00:53.962 | DEBUG    | engine.decision:evaluate_and_execute:62 - BTC-USD: SELL signal ignored (no open position).
2026-09-18 13:00:59.333 | DEBUG    | engine.decision:evaluate_and_execute:62 - BTC-USD: SELL signal ignored (no open position).
2026-09-18 13:01:04.764 | DEBUG    | engine.decision:evaluate_and_execute:62 - BTC-USD: SELL signal ignored (no open position).
2026-09-18 13:01:10.120 | WARNING  | engine.decision:evaluate_and_execute:47 - BTC-USD: Trade is not viable due to costs/low expected return.
2026-09-18 13:01:15.642 | WARNING  | engine.decision:evaluate_and_execute:47 - BTC-USD: Trade is not viable due to costs/low expected return.
2026-09-18 13:01:34.466 | WARNING  | engine.decision:evaluate_and_execute:47 - BTC-USD: Trade is not viable due to costs/low expected return.
2026-09-18 13:01:39.071 | INFO     | engine.decision:evaluate_and_execute:50 - BTC-USD: Decision BUY. Reason: Short MA (77632.55) > Long MA (77067.44). Executing...
2026-09-18 13:01:39.071 | INFO     | broker.paper:submit_order:58 - Submitted order 26935d4a-d31c-4115-8d04-e37d3ea9a523: BUY 7.668031736066348e-05 BTC-USD @ MARKET
2026-09-18 13:01:39.241 | INFO     | broker.paper:_execute_market_order:112 - Order 26935d4a-d31c-4115-8d04-e37d3ea9a523 FILLED: BUY 7.668031736066348e-05 BTC-USD @ 78305.63. Comm: 1.00
2026-09-18 13:01:44.682 | INFO     | engine.decision:evaluate_and_execute:50 - BTC-USD: Decision BUY. Reason: Short MA (78246.94) > Long MA (77235.32). Executing...
2026-09-18 13:01:44.682 | INFO     | broker.paper:submit_order:58 - Submitted order dafbc5b5-2eb8-422e-a9a5-3848917ce790: BUY 6.593817055140337e-05 BTC-USD @ MARKET
2026-09-18 13:01:44.767 | INFO     | broker.paper:_execute_market_order:112 - Order dafbc5b5-2eb8-422e-a9a5-3848917ce790 FILLED: BUY 6.593817055140337e-05 BTC-USD @ 78305.63. Comm: 1.00
2026-09-18 13:01:50.255 | INFO     | engine.decision:evaluate_and_execute:50 - BTC-USD: Decision BUY. Reason: Short MA (78246.80) > Long MA (77342.59). Executing...
2026-09-18 13:01:50.255 | INFO     | broker.paper:submit_order:58 - Submitted order 4ff5083d-e498-40a7-b265-4eaf1aee3dc4: BUY 5.648634722469936e-05 BTC-USD @ MARKET
2026-09-18 13:01:50.300 | INFO     | broker.paper:_execute_market_order:112 - Order 4ff5083d-e498-40a7-b265-4eaf1aee3dc4 FILLED: BUY 5.648634722469936e-05 BTC-USD @ 78305.22. Comm: 1.00
2026-09-18 13:01:55.727 | INFO     | engine.decision:evaluate_and_execute:50 - BTC-USD: Decision BUY. Reason: Short MA (78246.66) > Long MA (77440.20). Executing...
2026-09-18 13:01:55.727 | INFO     | broker.paper:submit_order:58 - Submitted order bbded5ce-0248-4ba1-9b57-2ea1523c38bc: BUY 4.816928647648674e-05 BTC-USD @ MARKET
2026-09-18 13:01:55.777 | INFO     | broker.paper:_execute_market_order:112 - Order bbded5ce-0248-4ba1-9b57-2ea1523c38bc FILLED: BUY 4.816928647648674e-05 BTC-USD @ 78305.22. Comm: 1.00
2026-09-18 13:02:01.289 | INFO     | engine.decision:evaluate_and_execute:50 - BTC-USD: Decision BUY. Reason: Short MA (78243.76) > Long MA (77580.21). Executing...
2026-09-18 13:02:01.290 | INFO     | broker.paper:submit_order:58 - Submitted order 689f6de9-bc20-46c7-bbac-589dc99e7638: BUY 4.085534561902868e-05 BTC-USD @ MARKET
2026-09-18 13:02:01.375 | INFO     | broker.paper:_execute_market_order:112 - Order 689f6de9-bc20-46c7-bbac-589dc99e7638 FILLED: BUY 4.085534561902868e-05 BTC-USD @ 78296.93. Comm: 1.00
2026-09-18 13:02:06.965 | INFO     | engine.decision:evaluate_and_execute:50 - BTC-USD: Decision BUY. Reason: Short MA (78241.00) > Long MA (77587.69). Executing...
2026-09-18 13:02:06.965 | INFO     | broker.paper:submit_order:58 - Submitted order 947262ed-16e9-4e9f-81de-2d3681f21b08: BUY 3.441524976026724e-05 BTC-USD @ MARKET
2026-09-18 13:02:07.015 | INFO     | broker.paper:_execute_market_order:112 - Order 947262ed-16e9-4e9f-81de-2d3681f21b08 FILLED: BUY 3.441524976026724e-05 BTC-USD @ 78296.93. Comm: 1.00
2026-09-18 13:02:12.524 | INFO     | engine.decision:evaluate_and_execute:50 - BTC-USD: Decision BUY. Reason: Short MA (78237.90) > Long MA (77850.16). Executing...
2026-09-18 13:02:12.525 | INFO     | broker.paper:submit_order:58 - Submitted order a8dc478d-e496-4534-885d-b425604bb63d: BUY 2.87489269170842e-05 BTC-USD @ MARKET
2026-09-18 13:02:12.585 | INFO     | broker.paper:_execute_market_order:112 - Order a8dc478d-e496-4534-885d-b425604bb63d FILLED: BUY 2.87489269170842e-05 BTC-USD @ 78295.89. Comm: 1.00
2026-09-18 13:02:17.996 | INFO     | engine.decision:evaluate_and_execute:50 - BTC-USD: Decision BUY. Reason: Short MA (78237.55) > Long MA (78058.85). Executing...
2026-09-18 13:02:17.996 | INFO     | broker.paper:submit_order:58 - Submitted order 67751b7f-ac33-47d1-8df1-c316f3b3c670: BUY 2.3762670691859594e-05 BTC-USD @ MARKET
2026-09-18 13:02:18.046 | INFO     | broker.paper:_execute_market_order:112 - Order 67751b7f-ac33-47d1-8df1-c316f3b3c670 FILLED: BUY 2.3762670691859594e-05 BTC-USD @ 78295.89. Comm: 1.00
2026-09-18 13:02:23.498 | INFO     | engine.decision:evaluate_and_execute:59 - BTC-USD: Decision SELL (Close Position). Reason: Short MA (78237.20) < Long MA (78242.20). Executing...
2026-09-18 13:02:23.499 | INFO     | broker.paper:submit_order:58 - Submitted order 72f5c32b-f374-4e4a-bc2b-149e65c92d89: SELL 0.0003750563146014927 BTC-USD @ MARKET
2026-09-18 13:02:23.549 | INFO     | broker.paper:_execute_market_order:112 - Order 72f5c32b-f374-4e4a-bc2b-149e65c92d89 FILLED: SELL 0.0003750563146014927 BTC-USD @ 78178.54. Comm: 1.00
2026-09-18 13:02:29.025 | DEBUG    | engine.decision:evaluate_and_execute:62 - BTC-USD: SELL signal ignored (no open position).
2026-09-18 13:02:34.452 | DEBUG    | engine.decision:evaluate_and_execute:62 - BTC-USD: SELL signal ignored (no open position).
2026-09-18 13:02:39.827 | DEBUG    | engine.decision:evaluate_and_execute:62 - BTC-USD: SELL signal ignored (no open position).
2026-09-18 13:02:45.311 | DEBUG    | engine.decision:evaluate_and_execute:62 - BTC-USD: SELL signal ignored (no open position).
2026-09-18 13:02:50.842 | DEBUG    | engine.decision:evaluate_and_execute:62 - BTC-USD: SELL signal ignored (no open position).
2026-09-18 13:02:56.433 | INFO     | engine.decision:evaluate_and_execute:50 - BTC-USD: Decision BUY. Reason: Short MA (78235.97) > Long MA (78234.14). Executing...
2026-09-18 13:02:56.433 | INFO     | broker.paper:submit_order:58 - Submitted order df18b8c8-6c40-4eb5-95f5-04fda1e36d00: BUY 6.281822025257949e-05 BTC-USD @ MARKET
2026-09-18 13:02:56.494 | INFO     | broker.paper:_execute_market_order:112 - Order df18b8c8-6c40-4eb5-95f5-04fda1e36d00 FILLED: BUY 6.281822025257949e-05 BTC-USD @ 78291.16. Comm: 1.00
2026-09-18 13:03:01.926 | INFO     | engine.decision:evaluate_and_execute:50 - BTC-USD: Decision BUY. Reason: Short MA (78234.22) > Long MA (78233.56). Executing...
2026-09-18 13:03:01.926 | INFO     | broker.paper:submit_order:58 - Submitted order ecbbc8cc-db01-4c6e-8aad-14743c967892: BUY 5.374048941240997e-05 BTC-USD @ MARKET
2026-09-18 13:03:01.987 | INFO     | broker.paper:_execute_market_order:112 - Order ecbbc8cc-db01-4c6e-8aad-14743c967892 FILLED: BUY 5.374048941240997e-05 BTC-USD @ 78291.16. Comm: 1.00
2026-09-18 13:03:07.412 | INFO     | engine.decision:evaluate_and_execute:59 - BTC-USD: Decision SELL (Close Position). Reason: Short MA (78232.39) < Long MA (78233.06). Executing...
2026-09-18 13:03:07.412 | INFO     | broker.paper:submit_order:58 - Submitted order 55a31103-d282-45df-8a4c-0f4673ade78f: SELL 0.00011655870966498946 BTC-USD @ MARKET
2026-09-18 13:03:07.469 | INFO     | broker.paper:_execute_market_order:112 - Order 55a31103-d282-45df-8a4c-0f4673ade78f FILLED: SELL 0.00011655870966498946 BTC-USD @ 78173.54. Comm: 1.00
2026-09-18 13:03:12.853 | DEBUG    | engine.decision:evaluate_and_execute:62 - BTC-USD: SELL signal ignored (no open position).
2026-09-18 13:03:18.357 | INFO     | engine.decision:evaluate_and_execute:50 - BTC-USD: Decision BUY. Reason: Short MA (78233.23) > Long MA (78232.37). Executing...
2026-09-18 13:03:18.357 | INFO     | broker.paper:submit_order:58 - Submitted order 3d7c40a1-e803-4cff-a930-2cdc8a7a641f: BUY 5.819342926543203e-05 BTC-USD @ MARKET
2026-09-18 13:03:18.410 | INFO     | broker.paper:_execute_market_order:112 - Order 3d7c40a1-e803-4cff-a930-2cdc8a7a641f FILLED: BUY 5.819342926543203e-05 BTC-USD @ 78293.98. Comm: 1.00
2026-09-18 13:03:23.819 | INFO     | engine.decision:evaluate_and_execute:50 - BTC-USD: Decision BUY. Reason: Short MA (78234.26) > Long MA (78232.18). Executing...
2026-09-18 13:03:23.819 | INFO     | broker.paper:submit_order:58 - Submitted order 287c0dee-d21b-41bd-8f4c-267ca645ffa9: BUY 4.9671144786470484e-05 BTC-USD @ MARKET
2026-09-18 13:03:23.875 | INFO     | broker.paper:_execute_market_order:112 - Order 287c0dee-d21b-41bd-8f4c-267ca645ffa9 FILLED: BUY 4.9671144786470484e-05 BTC-USD @ 78293.98. Comm: 1.00
2026-09-18 13:03:29.386 | INFO     | engine.decision:evaluate_and_execute:50 - BTC-USD: Decision BUY. Reason: Short MA (78233.74) > Long MA (78232.92). Executing...
2026-09-18 13:03:29.386 | INFO     | broker.paper:submit_order:58 - Submitted order 1886c873-33fa-4828-b9e8-0ba791b18c2c: BUY 4.217480744193697e-05 BTC-USD @ MARKET
2026-09-18 13:03:29.436 | INFO     | broker.paper:_execute_market_order:112 - Order 1886c873-33fa-4828-b9e8-0ba791b18c2c FILLED: BUY 4.217480744193697e-05 BTC-USD @ 78289.32. Comm: 1.00
2026-09-18 13:03:34.803 | INFO     | engine.decision:evaluate_and_execute:59 - BTC-USD: Decision SELL (Close Position). Reason: Short MA (78232.19) < Long MA (78233.67). Executing...
2026-09-18 13:03:34.803 | INFO     | broker.paper:submit_order:58 - Submitted order bedb12d5-ad34-47ad-a8b1-7dd1bd92b887: SELL 0.00015003938149383948 BTC-USD @ MARKET
2026-09-18 13:03:34.868 | INFO     | broker.paper:_execute_market_order:112 - Order bedb12d5-ad34-47ad-a8b1-7dd1bd92b887 FILLED: SELL 0.00015003938149383948 BTC-USD @ 78171.98. Comm: 1.00
2026-09-18 13:03:40.300 | DEBUG    | engine.decision:evaluate_and_execute:62 - BTC-USD: SELL signal ignored (no open position).
2026-09-18 13:03:45.831 | DEBUG    | engine.decision:evaluate_and_execute:62 - BTC-USD: SELL signal ignored (no open position).
2026-09-18 13:03:51.316 | DEBUG    | engine.decision:evaluate_and_execute:62 - BTC-USD: SELL signal ignored (no open position).
2026-09-18 13:03:56.704 | DEBUG    | engine.decision:evaluate_and_execute:62 - BTC-USD: SELL signal ignored (no open position).
2026-09-18 13:04:02.293 | INFO     | engine.decision:evaluate_and_execute:50 - BTC-USD: Decision BUY. Reason: Short MA (78236.20) > Long MA (78232.06). Executing...
2026-09-18 13:04:02.293 | INFO     | broker.paper:submit_order:58 - Submitted order cde05693-7d35-4349-990f-edc9b5cca715: BUY 5.201389178748247e-05 BTC-USD @ MARKET
2026-09-18 13:04:02.344 | INFO     | broker.paper:_execute_market_order:112 - Order cde05693-7d35-4349-990f-edc9b5cca715 FILLED: BUY 5.201389178748247e-05 BTC-USD @ 78318.70. Comm: 1.00
2026-09-18 13:04:07.812 | INFO     | engine.decision:evaluate_and_execute:50 - BTC-USD: Decision BUY. Reason: Short MA (78248.09) > Long MA (78234.84). Executing...
2026-09-18 13:04:07.812 | INFO     | broker.paper:submit_order:58 - Submitted order 190c0d48-8c0f-4c99-9a59-ded8a26ad50b: BUY 4.4234192218885107e-05 BTC-USD @ MARKET
2026-09-18 13:04:07.860 | INFO     | broker.paper:_execute_market_order:112 - Order 190c0d48-8c0f-4c99-9a59-ded8a26ad50b FILLED: BUY 4.4234192218885107e-05 BTC-USD @ 78318.70. Comm: 1.00
2026-09-18 13:04:13.475 | INFO     | engine.decision:evaluate_and_execute:50 - BTC-USD: Decision BUY. Reason: Short MA (78259.99) > Long MA (78237.31). Executing...
2026-09-18 13:04:13.475 | INFO     | broker.paper:submit_order:58 - Submitted order b299116e-8353-4f40-9755-22f09d5904c7: BUY 3.738875688817609e-05 BTC-USD @ MARKET
2026-09-18 13:04:13.521 | INFO     | broker.paper:_execute_market_order:112 - Order b299116e-8353-4f40-9755-22f09d5904c7 FILLED: BUY 3.738875688817609e-05 BTC-USD @ 78318.70. Comm: 1.00
2026-09-18 13:05:03.643 | DEBUG    | engine.decision:evaluate_and_execute:45 - SPY: HOLD. Reason: No clear consensus
2026-09-18 13:05:09.052 | DEBUG    | engine.decision:evaluate_and_execute:45 - SPY: HOLD. Reason: No clear consensus
2026-09-18 13:05:14.652 | DEBUG    | engine.decision:evaluate_and_execute:45 - SPY: HOLD. Reason: No clear consensus
2026-09-18 13:05:20.240 | DEBUG    | engine.decision:evaluate_and_execute:45 - SPY: HOLD. Reason: No clear consensus
2026-09-18 13:05:25.681 | DEBUG    | engine.decision:evaluate_and_execute:45 - SPY: HOLD. Reason: No clear consensus
2026-09-18 13:05:31.066 | DEBUG    | engine.decision:evaluate_and_execute:45 - SPY: HOLD. Reason: No clear consensus
2026-09-18 13:05:36.488 | DEBUG    | engine.decision:evaluate_and_execute:45 - SPY: HOLD. Reason: No clear consensus
2026-09-18 13:05:41.870 | DEBUG    | engine.decision:evaluate_and_execute:45 - SPY: HOLD. Reason: No clear consensus
2026-09-18 13:05:47.286 | DEBUG    | engine.decision:evaluate_and_execute:45 - SPY: HOLD. Reason: No clear consensus
2026-09-18 13:05:52.680 | DEBUG    | engine.decision:evaluate_and_execute:45 - SPY: HOLD. Reason: No clear consensus
2026-09-18 13:05:58.069 | DEBUG    | engine.decision:evaluate_and_execute:45 - SPY: HOLD. Reason: No clear consensus
2026-09-18 13:06:03.463 | DEBUG    | engine.decision:evaluate_and_execute:45 - SPY: HOLD. Reason: No clear consensus
2026-09-18 13:06:08.892 | DEBUG    | engine.decision:evaluate_and_execute:45 - SPY: HOLD. Reason: No clear consensus
2026-09-18 13:06:14.253 | DEBUG    | engine.decision:evaluate_and_execute:45 - SPY: HOLD. Reason: No clear consensus
2026-09-18 13:06:19.662 | DEBUG    | engine.decision:evaluate_and_execute:45 - SPY: HOLD. Reason: No clear consensus
2026-09-18 13:06:25.024 | DEBUG    | engine.decision:evaluate_and_execute:45 - SPY: HOLD. Reason: No clear consensus
2026-09-18 13:06:30.462 | DEBUG    | engine.decision:evaluate_and_execute:45 - SPY: HOLD. Reason: No clear consensus
2026-09-18 13:06:35.833 | DEBUG    | engine.decision:evaluate_and_execute:45 - SPY: HOLD. Reason: No clear consensus
2026-09-18 13:06:41.259 | DEBUG    | engine.decision:evaluate_and_execute:45 - SPY: HOLD. Reason: No clear consensus
2026-09-18 13:06:46.656 | DEBUG    | engine.decision:evaluate_and_execute:45 - SPY: HOLD. Reason: No clear consensus
2026-09-18 13:06:52.211 | DEBUG    | engine.decision:evaluate_and_execute:45 - SPY: HOLD. Reason: No clear consensus
2026-09-18 13:06:57.753 | DEBUG    | engine.decision:evaluate_and_execute:45 - SPY: HOLD. Reason: No clear consensus
2026-09-18 13:07:03.194 | DEBUG    | engine.decision:evaluate_and_execute:45 - SPY: HOLD. Reason: No clear consensus
2026-09-18 13:07:08.552 | DEBUG    | engine.decision:evaluate_and_execute:45 - SPY: HOLD. Reason: No clear consensus
2026-09-18 13:07:13.998 | DEBUG    | engine.decision:evaluate_and_execute:45 - SPY: HOLD. Reason: No clear consensus
2026-09-18 13:07:19.351 | DEBUG    | engine.decision:evaluate_and_execute:45 - SPY: HOLD. Reason: No clear consensus
2026-09-18 13:07:24.837 | DEBUG    | engine.decision:evaluate_and_execute:45 - SPY: HOLD. Reason: No clear consensus
2026-09-18 13:07:30.262 | DEBUG    | engine.decision:evaluate_and_execute:45 - SPY: HOLD. Reason: No clear consensus
2026-09-18 13:07:35.701 | DEBUG    | engine.decision:evaluate_and_execute:45 - SPY: HOLD. Reason: No clear consensus
2026-09-18 13:07:41.091 | DEBUG    | engine.decision:evaluate_and_execute:45 - SPY: HOLD. Reason: No clear consensus
2026-09-18 13:07:46.512 | DEBUG    | engine.decision:evaluate_and_execute:45 - SPY: HOLD. Reason: No clear consensus
2026-09-18 13:07:51.868 | DEBUG    | engine.decision:evaluate_and_execute:45 - SPY: HOLD. Reason: No clear consensus
2026-09-18 13:07:57.371 | DEBUG    | engine.decision:evaluate_and_execute:45 - SPY: HOLD. Reason: No clear consensus
2026-09-18 13:08:02.715 | DEBUG    | engine.decision:evaluate_and_execute:45 - SPY: HOLD. Reason: No clear consensus
2026-09-18 13:08:08.158 | DEBUG    | engine.decision:evaluate_and_execute:45 - SPY: HOLD. Reason: No clear consensus
2026-09-18 13:08:13.509 | DEBUG    | engine.decision:evaluate_and_execute:45 - SPY: HOLD. Reason: No clear consensus
2026-09-18 13:08:18.921 | DEBUG    | engine.decision:evaluate_and_execute:45 - SPY: HOLD. Reason: No clear consensus
2026-09-18 13:08:24.265 | DEBUG    | engine.decision:evaluate_and_execute:45 - SPY: HOLD. Reason: No clear consensus
2026-09-18 13:08:29.681 | DEBUG    | engine.decision:evaluate_and_execute:45 - SPY: HOLD. Reason: No clear consensus
2026-09-18 13:08:35.056 | DEBUG    | engine.decision:evaluate_and_execute:45 - SPY: HOLD. Reason: No clear consensus
2026-09-18 13:08:40.481 | DEBUG    | engine.decision:evaluate_and_execute:45 - SPY: HOLD. Reason: No clear consensus
2026-09-18 13:08:45.831 | DEBUG    | engine.decision:evaluate_and_execute:45 - SPY: HOLD. Reason: No clear consensus
2026-09-18 13:08:51.247 | DEBUG    | engine.decision:evaluate_and_execute:45 - SPY: HOLD. Reason: No clear consensus
2026-09-18 13:08:56.613 | DEBUG    | engine.decision:evaluate_and_execute:45 - SPY: HOLD. Reason: No clear consensus
2026-09-18 13:09:02.040 | DEBUG    | engine.decision:evaluate_and_execute:45 - SPY: HOLD. Reason: No clear consensus
2026-09-18 13:09:07.398 | DEBUG    | engine.decision:evaluate_and_execute:45 - SPY: HOLD. Reason: No clear consensus
2026-09-18 13:09:12.806 | DEBUG    | engine.decision:evaluate_and_execute:45 - SPY: HOLD. Reason: No clear consensus
2026-09-18 13:09:18.206 | DEBUG    | engine.decision:evaluate_and_execute:45 - SPY: HOLD. Reason: No clear consensus
2026-09-18 13:09:23.641 | DEBUG    | engine.decision:evaluate_and_execute:45 - SPY: HOLD. Reason: No clear consensus
2026-09-18 13:09:29.050 | DEBUG    | engine.decision:evaluate_and_execute:45 - SPY: HOLD. Reason: No clear consensus
2026-09-18 13:09:34.473 | DEBUG    | engine.decision:evaluate_and_execute:45 - SPY: HOLD. Reason: No clear consensus
2026-09-18 13:09:39.832 | DEBUG    | engine.decision:evaluate_and_execute:45 - SPY: HOLD. Reason: No clear consensus
2026-09-18 13:09:45.236 | DEBUG    | engine.decision:evaluate_and_execute:45 - SPY: HOLD. Reason: No clear consensus
2026-09-18 13:09:50.593 | DEBUG    | engine.decision:evaluate_and_execute:45 - SPY: HOLD. Reason: No clear consensus
2026-09-18 13:09:56.034 | DEBUG    | engine.decision:evaluate_and_execute:45 - SPY: HOLD. Reason: No clear consensus
2026-09-18 13:10:01.386 | DEBUG    | engine.decision:evaluate_and_execute:45 - SPY: HOLD. Reason: No clear consensus
2026-09-18 13:10:06.916 | DEBUG    | engine.decision:evaluate_and_execute:45 - SPY: HOLD. Reason: No clear consensus
2026-09-18 13:10:12.283 | DEBUG    | engine.decision:evaluate_and_execute:45 - SPY: HOLD. Reason: No clear consensus
2026-09-18 13:10:17.759 | DEBUG    | engine.decision:evaluate_and_execute:45 - SPY: HOLD. Reason: No clear consensus
2026-09-18 13:10:23.131 | DEBUG    | engine.decision:evaluate_and_execute:45 - SPY: HOLD. Reason: No clear consensus
2026-09-18 13:10:28.619 | DEBUG    | engine.decision:evaluate_and_execute:45 - SPY: HOLD. Reason: No clear consensus
2026-09-18 13:10:34.103 | DEBUG    | engine.decision:evaluate_and_execute:45 - SPY: HOLD. Reason: No clear consensus
2026-09-18 13:10:39.493 | DEBUG    | engine.decision:evaluate_and_execute:45 - SPY: HOLD. Reason: No clear consensus
2026-09-18 13:13:43.690 | ERROR    | data.yfinance_provider:get_historical_data:87 - Error fetching historical data for SPY: No historical data returned for SPY between 2026-06-10 13:13:33.682997 and 2026-09-18 13:13:33.682997
2026-09-18 13:13:45.944 | DEBUG    | engine.decision:evaluate_and_execute:45 - SPY: HOLD. Reason: No clear consensus
2026-09-18 13:13:55.928 | DEBUG    | engine.decision:evaluate_and_execute:45 - SPY: HOLD. Reason: No clear consensus
2026-09-18 13:13:59.261 | DEBUG    | engine.decision:evaluate_and_execute:45 - ETH-USD: HOLD. Reason: No clear consensus
2026-09-18 13:14:01.386 | DEBUG    | engine.decision:evaluate_and_execute:45 - SPY: HOLD. Reason: No clear consensus
2026-09-18 13:14:04.645 | DEBUG    | engine.decision:evaluate_and_execute:45 - ETH-USD: HOLD. Reason: No clear consensus
2026-09-18 13:14:06.829 | DEBUG    | engine.decision:evaluate_and_execute:45 - SPY: HOLD. Reason: No clear consensus
2026-09-18 13:14:10.094 | DEBUG    | engine.decision:evaluate_and_execute:45 - ETH-USD: HOLD. Reason: No clear consensus
2026-09-18 13:14:12.259 | DEBUG    | engine.decision:evaluate_and_execute:45 - SPY: HOLD. Reason: No clear consensus
2026-09-18 13:14:15.490 | DEBUG    | engine.decision:evaluate_and_execute:45 - ETH-USD: HOLD. Reason: No clear consensus
2026-09-18 13:14:17.693 | DEBUG    | engine.decision:evaluate_and_execute:45 - SPY: HOLD. Reason: No clear consensus
2026-09-18 13:14:20.965 | DEBUG    | engine.decision:evaluate_and_execute:45 - ETH-USD: HOLD. Reason: No clear consensus
2026-09-18 13:14:23.054 | DEBUG    | engine.decision:evaluate_and_execute:45 - SPY: HOLD. Reason: No clear consensus
2026-09-18 13:14:26.382 | DEBUG    | engine.decision:evaluate_and_execute:45 - ETH-USD: HOLD. Reason: No clear consensus
2026-09-18 13:14:28.483 | DEBUG    | engine.decision:evaluate_and_execute:45 - SPY: HOLD. Reason: No clear consensus
2026-09-18 13:14:31.855 | DEBUG    | engine.decision:evaluate_and_execute:45 - ETH-USD: HOLD. Reason: No clear consensus
2026-09-18 13:14:33.856 | DEBUG    | engine.decision:evaluate_and_execute:45 - SPY: HOLD. Reason: No clear consensus
2026-09-18 13:14:37.232 | DEBUG    | engine.decision:evaluate_and_execute:45 - ETH-USD: HOLD. Reason: No clear consensus
2026-09-18 13:14:39.273 | DEBUG    | engine.decision:evaluate_and_execute:45 - SPY: HOLD. Reason: No clear consensus
2026-09-18 13:14:42.793 | DEBUG    | engine.decision:evaluate_and_execute:45 - ETH-USD: HOLD. Reason: No clear consensus
2026-09-18 13:14:44.677 | DEBUG    | engine.decision:evaluate_and_execute:45 - SPY: HOLD. Reason: No clear consensus
2026-09-18 13:14:48.195 | DEBUG    | engine.decision:evaluate_and_execute:45 - ETH-USD: HOLD. Reason: No clear consensus
2026-09-18 13:14:50.018 | DEBUG    | engine.decision:evaluate_and_execute:45 - SPY: HOLD. Reason: No clear consensus
2026-09-18 13:14:53.638 | DEBUG    | engine.decision:evaluate_and_execute:45 - ETH-USD: HOLD. Reason: No clear consensus
2026-09-18 13:14:55.455 | DEBUG    | engine.decision:evaluate_and_execute:45 - SPY: HOLD. Reason: No clear consensus
2026-09-18 13:14:59.004 | DEBUG    | engine.decision:evaluate_and_execute:45 - ETH-USD: HOLD. Reason: No clear consensus
2026-09-18 13:15:00.990 | DEBUG    | engine.decision:evaluate_and_execute:45 - SPY: HOLD. Reason: No clear consensus
2026-09-18 13:15:04.468 | DEBUG    | engine.decision:evaluate_and_execute:45 - ETH-USD: HOLD. Reason: No clear consensus
2026-09-18 13:15:06.432 | DEBUG    | engine.decision:evaluate_and_execute:45 - SPY: HOLD. Reason: No clear consensus
2026-09-18 13:15:09.918 | DEBUG    | engine.decision:evaluate_and_execute:45 - ETH-USD: HOLD. Reason: No clear consensus
2026-09-18 13:15:11.891 | DEBUG    | engine.decision:evaluate_and_execute:45 - SPY: HOLD. Reason: No clear consensus
2026-09-18 13:15:15.365 | DEBUG    | engine.decision:evaluate_and_execute:45 - ETH-USD: HOLD. Reason: No clear consensus
2026-09-18 13:15:17.240 | DEBUG    | engine.decision:evaluate_and_execute:45 - SPY: HOLD. Reason: No clear consensus
2026-09-18 13:15:20.725 | DEBUG    | engine.decision:evaluate_and_execute:45 - ETH-USD: HOLD. Reason: No clear consensus
2026-09-18 13:15:22.690 | DEBUG    | engine.decision:evaluate_and_execute:45 - SPY: HOLD. Reason: No clear consensus
2026-09-18 13:15:26.287 | DEBUG    | engine.decision:evaluate_and_execute:45 - ETH-USD: HOLD. Reason: No clear consensus
2026-09-18 13:15:28.238 | DEBUG    | engine.decision:evaluate_and_execute:45 - SPY: HOLD. Reason: No clear consensus
2026-09-18 13:15:31.687 | DEBUG    | engine.decision:evaluate_and_execute:45 - ETH-USD: HOLD. Reason: No clear consensus
2026-09-18 13:15:33.650 | DEBUG    | engine.decision:evaluate_and_execute:45 - SPY: HOLD. Reason: No clear consensus
2026-09-18 13:15:37.181 | DEBUG    | engine.decision:evaluate_and_execute:45 - ETH-USD: HOLD. Reason: No clear consensus
2026-09-18 13:15:39.032 | DEBUG    | engine.decision:evaluate_and_execute:45 - SPY: HOLD. Reason: No clear consensus
2026-09-18 13:15:42.913 | DEBUG    | engine.decision:evaluate_and_execute:45 - ETH-USD: HOLD. Reason: No clear consensus
2026-09-18 13:15:44.475 | DEBUG    | engine.decision:evaluate_and_execute:45 - SPY: HOLD. Reason: No clear consensus
2026-09-18 13:15:48.391 | DEBUG    | engine.decision:evaluate_and_execute:45 - ETH-USD: HOLD. Reason: No clear consensus
2026-09-18 13:15:49.832 | DEBUG    | engine.decision:evaluate_and_execute:45 - SPY: HOLD. Reason: No clear consensus
2026-09-18 13:15:53.752 | DEBUG    | engine.decision:evaluate_and_execute:45 - ETH-USD: HOLD. Reason: No clear consensus
2026-09-18 13:15:55.248 | DEBUG    | engine.decision:evaluate_and_execute:45 - SPY: HOLD. Reason: No clear consensus
2026-09-18 13:15:59.172 | DEBUG    | engine.decision:evaluate_and_execute:45 - ETH-USD: HOLD. Reason: No clear consensus
2026-09-18 13:16:00.613 | DEBUG    | engine.decision:evaluate_and_execute:45 - SPY: HOLD. Reason: No clear consensus
2026-09-18 13:16:04.547 | DEBUG    | engine.decision:evaluate_and_execute:45 - ETH-USD: HOLD. Reason: No clear consensus
2026-09-18 13:16:06.024 | DEBUG    | engine.decision:evaluate_and_execute:45 - SPY: HOLD. Reason: No clear consensus
2026-09-18 13:16:09.982 | DEBUG    | engine.decision:evaluate_and_execute:45 - ETH-USD: HOLD. Reason: No clear consensus
2026-09-18 13:16:11.375 | DEBUG    | engine.decision:evaluate_and_execute:45 - SPY: HOLD. Reason: No clear consensus
2026-09-18 13:16:15.335 | DEBUG    | engine.decision:evaluate_and_execute:45 - ETH-USD: HOLD. Reason: No clear consensus
2026-09-18 13:16:16.781 | DEBUG    | engine.decision:evaluate_and_execute:45 - SPY: HOLD. Reason: No clear consensus
2026-09-18 13:16:20.794 | DEBUG    | engine.decision:evaluate_and_execute:45 - ETH-USD: HOLD. Reason: No clear consensus
2026-09-18 13:16:22.160 | DEBUG    | engine.decision:evaluate_and_execute:45 - SPY: HOLD. Reason: No clear consensus
2026-09-18 13:16:26.195 | DEBUG    | engine.decision:evaluate_and_execute:45 - ETH-USD: HOLD. Reason: No clear consensus
2026-09-18 13:16:27.594 | DEBUG    | engine.decision:evaluate_and_execute:45 - SPY: HOLD. Reason: No clear consensus
2026-09-18 13:16:31.644 | DEBUG    | engine.decision:evaluate_and_execute:45 - ETH-USD: HOLD. Reason: No clear consensus
2026-09-18 13:16:42.104 | DEBUG    | engine.decision:evaluate_and_execute:45 - SPY: HOLD. Reason: No clear consensus
2026-09-18 13:16:45.306 | DEBUG    | engine.decision:evaluate_and_execute:45 - SPY: HOLD. Reason: No clear consensus
2026-09-18 13:16:47.456 | DEBUG    | engine.decision:evaluate_and_execute:45 - SPY: HOLD. Reason: No clear consensus
2026-09-18 13:16:50.632 | DEBUG    | engine.decision:evaluate_and_execute:45 - SPY: HOLD. Reason: No clear consensus
2026-09-18 13:16:52.901 | DEBUG    | engine.decision:evaluate_and_execute:45 - SPY: HOLD. Reason: No clear consensus
2026-09-18 13:16:56.008 | DEBUG    | engine.decision:evaluate_and_execute:45 - SPY: HOLD. Reason: No clear consensus
2026-09-18 13:16:58.279 | DEBUG    | engine.decision:evaluate_and_execute:45 - SPY: HOLD. Reason: No clear consensus
2026-09-18 13:17:01.387 | DEBUG    | engine.decision:evaluate_and_execute:45 - SPY: HOLD. Reason: No clear consensus
2026-09-18 13:17:03.689 | DEBUG    | engine.decision:evaluate_and_execute:45 - SPY: HOLD. Reason: No clear consensus
2026-09-18 13:17:06.823 | DEBUG    | engine.decision:evaluate_and_execute:45 - SPY: HOLD. Reason: No clear consensus
2026-09-18 13:17:09.045 | DEBUG    | engine.decision:evaluate_and_execute:45 - SPY: HOLD. Reason: No clear consensus
2026-09-18 13:17:12.209 | DEBUG    | engine.decision:evaluate_and_execute:45 - SPY: HOLD. Reason: No clear consensus
2026-09-18 13:17:14.473 | DEBUG    | engine.decision:evaluate_and_execute:45 - SPY: HOLD. Reason: No clear consensus
2026-09-18 13:17:17.738 | DEBUG    | engine.decision:evaluate_and_execute:45 - SPY: HOLD. Reason: No clear consensus
2026-09-18 13:17:19.901 | DEBUG    | engine.decision:evaluate_and_execute:45 - SPY: HOLD. Reason: No clear consensus
2026-09-18 13:17:23.147 | DEBUG    | engine.decision:evaluate_and_execute:45 - SPY: HOLD. Reason: No clear consensus
2026-09-18 13:17:25.350 | DEBUG    | engine.decision:evaluate_and_execute:45 - SPY: HOLD. Reason: No clear consensus
2026-09-18 13:17:28.633 | DEBUG    | engine.decision:evaluate_and_execute:45 - SPY: HOLD. Reason: No clear consensus
2026-09-18 13:17:30.707 | DEBUG    | engine.decision:evaluate_and_execute:45 - SPY: HOLD. Reason: No clear consensus
2026-09-18 13:17:34.023 | DEBUG    | engine.decision:evaluate_and_execute:45 - SPY: HOLD. Reason: No clear consensus
2026-09-18 13:17:36.295 | DEBUG    | engine.decision:evaluate_and_execute:45 - SPY: HOLD. Reason: No clear consensus
2026-09-18 13:17:39.411 | DEBUG    | engine.decision:evaluate_and_execute:45 - SPY: HOLD. Reason: No clear consensus
2026-09-18 13:17:41.679 | DEBUG    | engine.decision:evaluate_and_execute:45 - SPY: HOLD. Reason: No clear consensus
2026-09-18 13:17:44.758 | DEBUG    | engine.decision:evaluate_and_execute:45 - SPY: HOLD. Reason: No clear consensus
2026-09-18 13:17:47.074 | DEBUG    | engine.decision:evaluate_and_execute:45 - SPY: HOLD. Reason: No clear consensus
2026-09-18 13:17:50.180 | DEBUG    | engine.decision:evaluate_and_execute:45 - SPY: HOLD. Reason: No clear consensus
2026-09-18 13:17:52.411 | DEBUG    | engine.decision:evaluate_and_execute:45 - SPY: HOLD. Reason: No clear consensus
2026-09-18 13:17:55.557 | DEBUG    | engine.decision:evaluate_and_execute:45 - SPY: HOLD. Reason: No clear consensus
2026-09-18 13:17:57.864 | DEBUG    | engine.decision:evaluate_and_execute:45 - SPY: HOLD. Reason: No clear consensus
2026-09-18 13:18:00.935 | DEBUG    | engine.decision:evaluate_and_execute:45 - SPY: HOLD. Reason: No clear consensus
2026-09-18 13:18:03.238 | DEBUG    | engine.decision:evaluate_and_execute:45 - SPY: HOLD. Reason: No clear consensus
2026-09-18 13:18:06.300 | DEBUG    | engine.decision:evaluate_and_execute:45 - SPY: HOLD. Reason: No clear consensus
2026-09-18 13:18:08.691 | DEBUG    | engine.decision:evaluate_and_execute:45 - SPY: HOLD. Reason: No clear consensus
2026-09-18 13:18:11.754 | DEBUG    | engine.decision:evaluate_and_execute:45 - SPY: HOLD. Reason: No clear consensus
2026-09-18 13:18:14.059 | DEBUG    | engine.decision:evaluate_and_execute:45 - SPY: HOLD. Reason: No clear consensus
2026-09-18 13:18:17.112 | DEBUG    | engine.decision:evaluate_and_execute:45 - SPY: HOLD. Reason: No clear consensus
2026-09-18 13:18:19.509 | DEBUG    | engine.decision:evaluate_and_execute:45 - SPY: HOLD. Reason: No clear consensus
2026-09-18 13:18:22.474 | DEBUG    | engine.decision:evaluate_and_execute:45 - SPY: HOLD. Reason: No clear consensus
2026-09-18 13:18:24.872 | DEBUG    | engine.decision:evaluate_and_execute:45 - SPY: HOLD. Reason: No clear consensus
2026-09-18 13:18:27.831 | DEBUG    | engine.decision:evaluate_and_execute:45 - SPY: HOLD. Reason: No clear consensus
2026-09-18 13:18:30.321 | DEBUG    | engine.decision:evaluate_and_execute:45 - SPY: HOLD. Reason: No clear consensus
2026-09-18 13:18:33.171 | DEBUG    | engine.decision:evaluate_and_execute:45 - SPY: HOLD. Reason: No clear consensus
2026-09-18 13:18:35.674 | DEBUG    | engine.decision:evaluate_and_execute:45 - SPY: HOLD. Reason: No clear consensus
2026-09-18 13:18:38.595 | DEBUG    | engine.decision:evaluate_and_execute:45 - SPY: HOLD. Reason: No clear consensus
2026-09-18 13:18:41.145 | DEBUG    | engine.decision:evaluate_and_execute:45 - SPY: HOLD. Reason: No clear consensus
2026-09-18 13:18:43.937 | DEBUG    | engine.decision:evaluate_and_execute:45 - SPY: HOLD. Reason: No clear consensus
2026-09-18 13:18:46.555 | DEBUG    | engine.decision:evaluate_and_execute:45 - SPY: HOLD. Reason: No clear consensus
2026-09-18 13:18:49.284 | DEBUG    | engine.decision:evaluate_and_execute:45 - SPY: HOLD. Reason: No clear consensus
2026-09-18 13:18:51.971 | DEBUG    | engine.decision:evaluate_and_execute:45 - SPY: HOLD. Reason: No clear consensus
2026-09-18 13:18:54.659 | DEBUG    | engine.decision:evaluate_and_execute:45 - SPY: HOLD. Reason: No clear consensus
2026-09-18 13:18:57.318 | DEBUG    | engine.decision:evaluate_and_execute:45 - SPY: HOLD. Reason: No clear consensus
2026-09-18 13:19:00.039 | DEBUG    | engine.decision:evaluate_and_execute:45 - SPY: HOLD. Reason: No clear consensus
2026-09-18 13:19:02.763 | DEBUG    | engine.decision:evaluate_and_execute:45 - SPY: HOLD. Reason: No clear consensus
2026-09-18 13:19:05.381 | DEBUG    | engine.decision:evaluate_and_execute:45 - SPY: HOLD. Reason: No clear consensus
2026-09-18 13:19:08.134 | DEBUG    | engine.decision:evaluate_and_execute:45 - SPY: HOLD. Reason: No clear consensus
2026-09-18 13:19:10.732 | DEBUG    | engine.decision:evaluate_and_execute:45 - SPY: HOLD. Reason: No clear consensus
2026-09-18 13:19:13.525 | DEBUG    | engine.decision:evaluate_and_execute:45 - SPY: HOLD. Reason: No clear consensus
2026-09-18 13:19:16.093 | DEBUG    | engine.decision:evaluate_and_execute:45 - SPY: HOLD. Reason: No clear consensus
2026-09-18 13:19:18.940 | DEBUG    | engine.decision:evaluate_and_execute:45 - SPY: HOLD. Reason: No clear consensus
2026-09-18 13:19:21.457 | DEBUG    | engine.decision:evaluate_and_execute:45 - SPY: HOLD. Reason: No clear consensus
2026-09-18 13:19:24.361 | DEBUG    | engine.decision:evaluate_and_execute:45 - SPY: HOLD. Reason: No clear consensus
2026-09-18 13:19:26.812 | DEBUG    | engine.decision:evaluate_and_execute:45 - SPY: HOLD. Reason: No clear consensus
2026-09-18 13:19:29.728 | DEBUG    | engine.decision:evaluate_and_execute:45 - SPY: HOLD. Reason: No clear consensus
2026-09-18 13:19:32.180 | DEBUG    | engine.decision:evaluate_and_execute:45 - SPY: HOLD. Reason: No clear consensus
2026-09-18 13:19:35.212 | DEBUG    | engine.decision:evaluate_and_execute:45 - SPY: HOLD. Reason: No clear consensus
2026-09-18 13:19:37.556 | DEBUG    | engine.decision:evaluate_and_execute:45 - SPY: HOLD. Reason: No clear consensus
2026-09-18 13:19:40.714 | DEBUG    | engine.decision:evaluate_and_execute:45 - SPY: HOLD. Reason: No clear consensus
2026-09-18 13:19:42.945 | DEBUG    | engine.decision:evaluate_and_execute:45 - SPY: HOLD. Reason: No clear consensus
2026-09-18 13:19:46.139 | DEBUG    | engine.decision:evaluate_and_execute:45 - SPY: HOLD. Reason: No clear consensus
2026-09-18 13:19:48.317 | DEBUG    | engine.decision:evaluate_and_execute:45 - SPY: HOLD. Reason: No clear consensus
2026-09-18 13:19:51.518 | DEBUG    | engine.decision:evaluate_and_execute:45 - SPY: HOLD. Reason: No clear consensus
2026-09-18 13:19:53.686 | DEBUG    | engine.decision:evaluate_and_execute:45 - SPY: HOLD. Reason: No clear consensus
2026-09-18 13:19:57.084 | DEBUG    | engine.decision:evaluate_and_execute:45 - SPY: HOLD. Reason: No clear consensus
2026-09-18 13:19:59.144 | DEBUG    | engine.decision:evaluate_and_execute:45 - SPY: HOLD. Reason: No clear consensus
2026-09-18 13:20:02.627 | DEBUG    | engine.decision:evaluate_and_execute:45 - SPY: HOLD. Reason: No clear consensus
2026-09-18 13:20:04.573 | DEBUG    | engine.decision:evaluate_and_execute:45 - SPY: HOLD. Reason: No clear consensus
2026-09-18 13:20:06.654 | DEBUG    | engine.decision:evaluate_and_execute:45 - ETH-USD: HOLD. Reason: No clear consensus
2026-09-18 13:20:08.008 | DEBUG    | engine.decision:evaluate_and_execute:45 - SPY: HOLD. Reason: No clear consensus
2026-09-18 13:20:12.003 | DEBUG    | engine.decision:evaluate_and_execute:45 - ETH-USD: HOLD. Reason: No clear consensus
2026-09-18 13:20:13.425 | DEBUG    | engine.decision:evaluate_and_execute:45 - SPY: HOLD. Reason: No clear consensus
2026-09-18 13:20:17.529 | DEBUG    | engine.decision:evaluate_and_execute:45 - ETH-USD: HOLD. Reason: No clear consensus
2026-09-18 13:20:18.798 | DEBUG    | engine.decision:evaluate_and_execute:45 - SPY: HOLD. Reason: No clear consensus
2026-09-18 13:20:22.994 | DEBUG    | engine.decision:evaluate_and_execute:45 - ETH-USD: HOLD. Reason: No clear consensus
2026-09-18 13:20:24.391 | DEBUG    | engine.decision:evaluate_and_execute:45 - SPY: HOLD. Reason: No clear consensus
2026-09-18 13:20:28.460 | DEBUG    | engine.decision:evaluate_and_execute:45 - ETH-USD: HOLD. Reason: No clear consensus
2026-09-18 13:20:29.775 | DEBUG    | engine.decision:evaluate_and_execute:45 - SPY: HOLD. Reason: No clear consensus
2026-09-18 13:20:35.364 | DEBUG    | engine.decision:evaluate_and_execute:45 - SPY: HOLD. Reason: No clear consensus
2026-09-18 13:20:36.938 | DEBUG    | engine.decision:evaluate_and_execute:45 - SPY: HOLD. Reason: No clear consensus
2026-09-18 13:20:42.311 | DEBUG    | engine.decision:evaluate_and_execute:45 - SPY: HOLD. Reason: No clear consensus
2026-09-18 13:20:47.810 | DEBUG    | engine.decision:evaluate_and_execute:45 - SPY: HOLD. Reason: No clear consensus
2026-09-18 13:20:53.181 | DEBUG    | engine.decision:evaluate_and_execute:45 - SPY: HOLD. Reason: No clear consensus
2026-09-18 13:20:58.723 | DEBUG    | engine.decision:evaluate_and_execute:45 - SPY: HOLD. Reason: No clear consensus
2026-09-18 13:21:04.135 | DEBUG    | engine.decision:evaluate_and_execute:45 - SPY: HOLD. Reason: No clear consensus
2026-09-18 13:21:04.801 | DEBUG    | engine.decision:evaluate_and_execute:45 - ETH-USD: HOLD. Reason: No clear consensus
2026-09-18 13:21:09.678 | DEBUG    | engine.decision:evaluate_and_execute:45 - SPY: HOLD. Reason: No clear consensus
2026-09-18 13:21:10.156 | DEBUG    | engine.decision:evaluate_and_execute:45 - ETH-USD: HOLD. Reason: No clear consensus
2026-09-18 13:21:15.102 | DEBUG    | engine.decision:evaluate_and_execute:45 - SPY: HOLD. Reason: No clear consensus
2026-09-18 13:21:15.616 | DEBUG    | engine.decision:evaluate_and_execute:45 - ETH-USD: HOLD. Reason: No clear consensus
2026-09-18 13:21:20.540 | DEBUG    | engine.decision:evaluate_and_execute:45 - SPY: HOLD. Reason: No clear consensus
2026-09-18 13:21:21.018 | DEBUG    | engine.decision:evaluate_and_execute:45 - ETH-USD: HOLD. Reason: No clear consensus
2026-09-18 13:21:25.936 | DEBUG    | engine.decision:evaluate_and_execute:45 - SPY: HOLD. Reason: No clear consensus
2026-09-18 13:21:26.496 | DEBUG    | engine.decision:evaluate_and_execute:45 - ETH-USD: HOLD. Reason: No clear consensus
2026-09-18 13:21:27.945 | DEBUG    | engine.decision:evaluate_and_execute:45 - DOGE-USD: HOLD. Reason: No clear consensus
2026-09-18 13:21:31.386 | DEBUG    | engine.decision:evaluate_and_execute:45 - SPY: HOLD. Reason: No clear consensus
2026-09-18 13:21:31.900 | DEBUG    | engine.decision:evaluate_and_execute:45 - ETH-USD: HOLD. Reason: No clear consensus
2026-09-18 13:21:33.367 | DEBUG    | engine.decision:evaluate_and_execute:45 - DOGE-USD: HOLD. Reason: No clear consensus
2026-09-18 13:21:36.779 | DEBUG    | engine.decision:evaluate_and_execute:45 - SPY: HOLD. Reason: No clear consensus
2026-09-18 13:21:37.392 | DEBUG    | engine.decision:evaluate_and_execute:45 - ETH-USD: HOLD. Reason: No clear consensus
2026-09-18 13:21:38.838 | DEBUG    | engine.decision:evaluate_and_execute:45 - DOGE-USD: HOLD. Reason: No clear consensus
2026-09-18 13:21:42.229 | DEBUG    | engine.decision:evaluate_and_execute:45 - SPY: HOLD. Reason: No clear consensus
2026-09-18 13:21:42.825 | DEBUG    | engine.decision:evaluate_and_execute:45 - ETH-USD: HOLD. Reason: No clear consensus
2026-09-18 13:21:44.274 | DEBUG    | engine.decision:evaluate_and_execute:45 - DOGE-USD: HOLD. Reason: No clear consensus
2026-09-18 13:21:47.662 | DEBUG    | engine.decision:evaluate_and_execute:45 - SPY: HOLD. Reason: No clear consensus
2026-09-18 13:21:48.347 | DEBUG    | engine.decision:evaluate_and_execute:45 - ETH-USD: HOLD. Reason: No clear consensus
2026-09-18 13:21:49.702 | DEBUG    | engine.decision:evaluate_and_execute:45 - DOGE-USD: HOLD. Reason: No clear consensus
2026-09-18 13:21:53.108 | DEBUG    | engine.decision:evaluate_and_execute:45 - SPY: HOLD. Reason: No clear consensus
2026-09-18 13:21:53.759 | DEBUG    | engine.decision:evaluate_and_execute:45 - ETH-USD: HOLD. Reason: No clear consensus
2026-09-18 13:21:55.120 | DEBUG    | engine.decision:evaluate_and_execute:45 - DOGE-USD: HOLD. Reason: No clear consensus
2026-09-18 13:21:58.494 | DEBUG    | engine.decision:evaluate_and_execute:45 - SPY: HOLD. Reason: No clear consensus
2026-09-18 13:21:59.206 | DEBUG    | engine.decision:evaluate_and_execute:45 - ETH-USD: HOLD. Reason: No clear consensus
2026-09-18 13:22:00.596 | DEBUG    | engine.decision:evaluate_and_execute:45 - DOGE-USD: HOLD. Reason: No clear consensus
2026-09-18 13:22:03.978 | DEBUG    | engine.decision:evaluate_and_execute:45 - SPY: HOLD. Reason: No clear consensus
2026-09-18 13:22:04.624 | DEBUG    | engine.decision:evaluate_and_execute:45 - ETH-USD: HOLD. Reason: No clear consensus
2026-09-18 13:22:05.998 | DEBUG    | engine.decision:evaluate_and_execute:45 - DOGE-USD: HOLD. Reason: No clear consensus
2026-09-18 13:22:09.344 | DEBUG    | engine.decision:evaluate_and_execute:45 - SPY: HOLD. Reason: No clear consensus
2026-09-18 13:22:10.118 | DEBUG    | engine.decision:evaluate_and_execute:45 - ETH-USD: HOLD. Reason: No clear consensus
2026-09-18 13:22:11.503 | DEBUG    | engine.decision:evaluate_and_execute:45 - DOGE-USD: HOLD. Reason: No clear consensus
2026-09-18 13:22:14.835 | DEBUG    | engine.decision:evaluate_and_execute:45 - SPY: HOLD. Reason: No clear consensus
2026-09-18 13:22:15.533 | DEBUG    | engine.decision:evaluate_and_execute:45 - ETH-USD: HOLD. Reason: No clear consensus
2026-09-18 13:22:16.912 | DEBUG    | engine.decision:evaluate_and_execute:45 - DOGE-USD: HOLD. Reason: No clear consensus
2026-09-18 13:22:20.191 | DEBUG    | engine.decision:evaluate_and_execute:45 - SPY: HOLD. Reason: No clear consensus
2026-09-18 13:22:21.127 | DEBUG    | engine.decision:evaluate_and_execute:45 - ETH-USD: HOLD. Reason: No clear consensus
2026-09-18 13:22:22.476 | DEBUG    | engine.decision:evaluate_and_execute:45 - DOGE-USD: HOLD. Reason: No clear consensus
2026-09-18 13:22:25.661 | DEBUG    | engine.decision:evaluate_and_execute:45 - SPY: HOLD. Reason: No clear consensus
2026-09-18 13:22:26.516 | DEBUG    | engine.decision:evaluate_and_execute:45 - ETH-USD: HOLD. Reason: No clear consensus
2026-09-18 13:22:27.866 | DEBUG    | engine.decision:evaluate_and_execute:45 - DOGE-USD: HOLD. Reason: No clear consensus
2026-09-18 13:22:31.016 | DEBUG    | engine.decision:evaluate_and_execute:45 - SPY: HOLD. Reason: No clear consensus
2026-09-18 13:22:31.993 | DEBUG    | engine.decision:evaluate_and_execute:45 - ETH-USD: HOLD. Reason: No clear consensus
2026-09-18 13:22:33.315 | DEBUG    | engine.decision:evaluate_and_execute:45 - DOGE-USD: HOLD. Reason: No clear consensus
2026-09-18 13:22:36.521 | DEBUG    | engine.decision:evaluate_and_execute:45 - SPY: HOLD. Reason: No clear consensus
2026-09-18 13:22:37.376 | DEBUG    | engine.decision:evaluate_and_execute:45 - ETH-USD: HOLD. Reason: No clear consensus
2026-09-18 13:22:38.744 | DEBUG    | engine.decision:evaluate_and_execute:45 - DOGE-USD: HOLD. Reason: No clear consensus
2026-09-18 13:22:41.904 | DEBUG    | engine.decision:evaluate_and_execute:45 - SPY: HOLD. Reason: No clear consensus
2026-09-18 13:22:42.832 | DEBUG    | engine.decision:evaluate_and_execute:45 - ETH-USD: HOLD. Reason: No clear consensus
2026-09-18 13:22:44.191 | DEBUG    | engine.decision:evaluate_and_execute:45 - DOGE-USD: HOLD. Reason: No clear consensus
2026-09-18 13:22:47.333 | DEBUG    | engine.decision:evaluate_and_execute:45 - SPY: HOLD. Reason: No clear consensus
2026-09-18 13:22:48.244 | DEBUG    | engine.decision:evaluate_and_execute:45 - ETH-USD: HOLD. Reason: No clear consensus
2026-09-18 13:22:49.580 | DEBUG    | engine.decision:evaluate_and_execute:45 - DOGE-USD: HOLD. Reason: No clear consensus
2026-09-18 13:22:52.722 | DEBUG    | engine.decision:evaluate_and_execute:45 - SPY: HOLD. Reason: No clear consensus
2026-09-18 13:22:53.745 | DEBUG    | engine.decision:evaluate_and_execute:45 - ETH-USD: HOLD. Reason: No clear consensus
2026-09-18 13:22:55.129 | DEBUG    | engine.decision:evaluate_and_execute:45 - DOGE-USD: HOLD. Reason: No clear consensus
2026-09-18 13:22:58.187 | DEBUG    | engine.decision:evaluate_and_execute:45 - SPY: HOLD. Reason: No clear consensus
2026-09-18 13:22:59.218 | DEBUG    | engine.decision:evaluate_and_execute:45 - ETH-USD: HOLD. Reason: No clear consensus
2026-09-18 13:23:00.548 | DEBUG    | engine.decision:evaluate_and_execute:45 - DOGE-USD: HOLD. Reason: No clear consensus
2026-09-18 13:23:03.551 | DEBUG    | engine.decision:evaluate_and_execute:45 - SPY: HOLD. Reason: No clear consensus
2026-09-18 13:23:04.689 | DEBUG    | engine.decision:evaluate_and_execute:45 - ETH-USD: HOLD. Reason: No clear consensus
2026-09-18 13:23:06.047 | DEBUG    | engine.decision:evaluate_and_execute:45 - DOGE-USD: HOLD. Reason: No clear consensus
2026-09-18 13:23:08.981 | DEBUG    | engine.decision:evaluate_and_execute:45 - SPY: HOLD. Reason: No clear consensus
2026-09-18 13:23:10.088 | DEBUG    | engine.decision:evaluate_and_execute:45 - ETH-USD: HOLD. Reason: No clear consensus
2026-09-18 13:23:11.474 | DEBUG    | engine.decision:evaluate_and_execute:45 - DOGE-USD: HOLD. Reason: No clear consensus
2026-09-18 13:23:14.377 | DEBUG    | engine.decision:evaluate_and_execute:45 - SPY: HOLD. Reason: No clear consensus
2026-09-18 13:23:15.566 | DEBUG    | engine.decision:evaluate_and_execute:45 - ETH-USD: HOLD. Reason: No clear consensus
2026-09-18 13:23:16.949 | DEBUG    | engine.decision:evaluate_and_execute:45 - DOGE-USD: HOLD. Reason: No clear consensus
2026-09-18 13:23:19.813 | DEBUG    | engine.decision:evaluate_and_execute:45 - SPY: HOLD. Reason: No clear consensus
2026-09-18 13:23:20.964 | DEBUG    | engine.decision:evaluate_and_execute:45 - ETH-USD: HOLD. Reason: No clear consensus
2026-09-18 13:23:22.351 | DEBUG    | engine.decision:evaluate_and_execute:45 - DOGE-USD: HOLD. Reason: No clear consensus
2026-09-18 13:23:25.178 | DEBUG    | engine.decision:evaluate_and_execute:45 - SPY: HOLD. Reason: No clear consensus
2026-09-18 13:23:26.410 | DEBUG    | engine.decision:evaluate_and_execute:45 - ETH-USD: HOLD. Reason: No clear consensus
2026-09-18 13:23:27.816 | DEBUG    | engine.decision:evaluate_and_execute:45 - DOGE-USD: HOLD. Reason: No clear consensus
2026-09-18 13:23:30.671 | DEBUG    | engine.decision:evaluate_and_execute:45 - SPY: HOLD. Reason: No clear consensus
2026-09-18 13:23:31.802 | DEBUG    | engine.decision:evaluate_and_execute:45 - ETH-USD: HOLD. Reason: No clear consensus
2026-09-18 13:23:33.208 | DEBUG    | engine.decision:evaluate_and_execute:45 - DOGE-USD: HOLD. Reason: No clear consensus
2026-09-18 13:23:36.065 | DEBUG    | engine.decision:evaluate_and_execute:45 - SPY: HOLD. Reason: No clear consensus
2026-09-18 13:23:37.266 | DEBUG    | engine.decision:evaluate_and_execute:45 - ETH-USD: HOLD. Reason: No clear consensus
2026-09-18 13:23:38.680 | DEBUG    | engine.decision:evaluate_and_execute:45 - DOGE-USD: HOLD. Reason: No clear consensus
2026-09-18 13:23:41.506 | DEBUG    | engine.decision:evaluate_and_execute:45 - SPY: HOLD. Reason: No clear consensus
2026-09-18 13:23:42.686 | DEBUG    | engine.decision:evaluate_and_execute:45 - ETH-USD: HOLD. Reason: No clear consensus
2026-09-18 13:23:44.074 | DEBUG    | engine.decision:evaluate_and_execute:45 - DOGE-USD: HOLD. Reason: No clear consensus
2026-09-18 13:23:46.916 | DEBUG    | engine.decision:evaluate_and_execute:45 - SPY: HOLD. Reason: No clear consensus
2026-09-18 13:23:48.136 | DEBUG    | engine.decision:evaluate_and_execute:45 - ETH-USD: HOLD. Reason: No clear consensus
2026-09-18 13:23:49.800 | DEBUG    | engine.decision:evaluate_and_execute:45 - DOGE-USD: HOLD. Reason: No clear consensus
2026-09-18 13:23:52.399 | DEBUG    | engine.decision:evaluate_and_execute:45 - SPY: HOLD. Reason: No clear consensus
2026-09-18 13:23:53.531 | DEBUG    | engine.decision:evaluate_and_execute:45 - ETH-USD: HOLD. Reason: No clear consensus
2026-09-18 13:23:55.291 | DEBUG    | engine.decision:evaluate_and_execute:45 - DOGE-USD: HOLD. Reason: No clear consensus
2026-09-18 13:24:59.675 | DEBUG    | engine.decision:evaluate_and_execute:45 - SPY: HOLD. Reason: No clear consensus
2026-09-18 13:25:05.096 | DEBUG    | engine.decision:evaluate_and_execute:45 - SPY: HOLD. Reason: No clear consensus
2026-09-18 13:25:05.328 | DEBUG    | engine.decision:evaluate_and_execute:45 - ETH-USD: HOLD. Reason: No clear consensus
2026-09-18 13:25:10.877 | DEBUG    | engine.decision:evaluate_and_execute:45 - SPY: HOLD. Reason: No clear consensus
2026-09-18 13:25:11.013 | DEBUG    | engine.decision:evaluate_and_execute:45 - ETH-USD: HOLD. Reason: No clear consensus
2026-09-18 13:25:15.701 | DEBUG    | engine.decision:evaluate_and_execute:45 - DOGE-USD: HOLD. Reason: No clear consensus
2026-09-18 13:25:16.845 | DEBUG    | engine.decision:evaluate_and_execute:45 - SPY: HOLD. Reason: No clear consensus
2026-09-18 13:25:17.364 | DEBUG    | engine.decision:evaluate_and_execute:45 - ETH-USD: HOLD. Reason: No clear consensus
2026-09-18 13:25:21.135 | DEBUG    | engine.decision:evaluate_and_execute:45 - DOGE-USD: HOLD. Reason: No clear consensus
2026-09-18 13:25:22.525 | DEBUG    | engine.decision:evaluate_and_execute:45 - SPY: HOLD. Reason: No clear consensus
2026-09-18 13:25:23.197 | DEBUG    | engine.decision:evaluate_and_execute:45 - ETH-USD: HOLD. Reason: No clear consensus
2026-09-18 13:25:26.672 | DEBUG    | engine.decision:evaluate_and_execute:45 - DOGE-USD: HOLD. Reason: No clear consensus
2026-09-18 13:25:28.218 | DEBUG    | engine.decision:evaluate_and_execute:45 - SPY: HOLD. Reason: No clear consensus
2026-09-18 13:25:28.761 | DEBUG    | engine.decision:evaluate_and_execute:45 - ETH-USD: HOLD. Reason: No clear consensus
2026-09-18 13:25:32.270 | DEBUG    | engine.decision:evaluate_and_execute:45 - DOGE-USD: HOLD. Reason: No clear consensus
2026-09-18 13:25:33.865 | DEBUG    | engine.decision:evaluate_and_execute:45 - SPY: HOLD. Reason: No clear consensus
2026-09-18 13:25:34.396 | DEBUG    | engine.decision:evaluate_and_execute:45 - ETH-USD: HOLD. Reason: No clear consensus
2026-09-18 13:25:37.893 | DEBUG    | engine.decision:evaluate_and_execute:45 - DOGE-USD: HOLD. Reason: No clear consensus
2026-09-18 13:25:39.486 | DEBUG    | engine.decision:evaluate_and_execute:45 - SPY: HOLD. Reason: No clear consensus
2026-09-18 13:25:40.036 | DEBUG    | engine.decision:evaluate_and_execute:45 - ETH-USD: HOLD. Reason: No clear consensus
2026-09-18 13:25:43.508 | DEBUG    | engine.decision:evaluate_and_execute:45 - DOGE-USD: HOLD. Reason: No clear consensus
2026-09-18 13:25:45.249 | DEBUG    | engine.decision:evaluate_and_execute:45 - SPY: HOLD. Reason: No clear consensus
2026-09-18 13:25:45.782 | DEBUG    | engine.decision:evaluate_and_execute:45 - ETH-USD: HOLD. Reason: No clear consensus
2026-09-18 13:25:49.063 | DEBUG    | engine.decision:evaluate_and_execute:45 - DOGE-USD: HOLD. Reason: No clear consensus
2026-09-18 13:25:50.898 | DEBUG    | engine.decision:evaluate_and_execute:45 - SPY: HOLD. Reason: No clear consensus
2026-09-18 13:25:51.478 | DEBUG    | engine.decision:evaluate_and_execute:45 - ETH-USD: HOLD. Reason: No clear consensus
2026-09-18 13:25:54.684 | DEBUG    | engine.decision:evaluate_and_execute:45 - DOGE-USD: HOLD. Reason: No clear consensus
2026-09-18 13:25:56.596 | DEBUG    | engine.decision:evaluate_and_execute:45 - SPY: HOLD. Reason: No clear consensus
2026-09-18 13:25:57.100 | DEBUG    | engine.decision:evaluate_and_execute:45 - ETH-USD: HOLD. Reason: No clear consensus
2026-09-18 13:26:00.199 | DEBUG    | engine.decision:evaluate_and_execute:45 - DOGE-USD: HOLD. Reason: No clear consensus
2026-09-18 13:26:02.292 | DEBUG    | engine.decision:evaluate_and_execute:45 - SPY: HOLD. Reason: No clear consensus
2026-09-18 13:26:02.855 | DEBUG    | engine.decision:evaluate_and_execute:45 - ETH-USD: HOLD. Reason: No clear consensus
2026-09-18 13:26:05.872 | DEBUG    | engine.decision:evaluate_and_execute:45 - DOGE-USD: HOLD. Reason: No clear consensus
2026-09-18 13:26:07.986 | DEBUG    | engine.decision:evaluate_and_execute:45 - SPY: HOLD. Reason: No clear consensus
2026-09-18 13:26:08.540 | DEBUG    | engine.decision:evaluate_and_execute:45 - ETH-USD: HOLD. Reason: No clear consensus
2026-09-18 13:26:11.402 | DEBUG    | engine.decision:evaluate_and_execute:45 - DOGE-USD: HOLD. Reason: No clear consensus
2026-09-18 13:26:13.603 | DEBUG    | engine.decision:evaluate_and_execute:45 - SPY: HOLD. Reason: No clear consensus
2026-09-18 13:26:14.217 | DEBUG    | engine.decision:evaluate_and_execute:45 - ETH-USD: HOLD. Reason: No clear consensus
2026-09-18 13:26:17.030 | DEBUG    | engine.decision:evaluate_and_execute:45 - DOGE-USD: HOLD. Reason: No clear consensus
2026-09-18 13:26:19.291 | DEBUG    | engine.decision:evaluate_and_execute:45 - SPY: HOLD. Reason: No clear consensus
2026-09-18 13:26:19.922 | DEBUG    | engine.decision:evaluate_and_execute:45 - ETH-USD: HOLD. Reason: No clear consensus
2026-09-18 13:26:22.577 | DEBUG    | engine.decision:evaluate_and_execute:45 - DOGE-USD: HOLD. Reason: No clear consensus
2026-09-18 13:26:25.007 | DEBUG    | engine.decision:evaluate_and_execute:45 - SPY: HOLD. Reason: No clear consensus
2026-09-18 13:26:25.523 | DEBUG    | engine.decision:evaluate_and_execute:45 - ETH-USD: HOLD. Reason: No clear consensus
2026-09-18 13:26:28.194 | DEBUG    | engine.decision:evaluate_and_execute:45 - DOGE-USD: HOLD. Reason: No clear consensus
2026-09-18 13:26:30.692 | DEBUG    | engine.decision:evaluate_and_execute:45 - SPY: HOLD. Reason: No clear consensus
2026-09-18 13:26:31.353 | DEBUG    | engine.decision:evaluate_and_execute:45 - ETH-USD: HOLD. Reason: No clear consensus
2026-09-18 13:26:33.728 | DEBUG    | engine.decision:evaluate_and_execute:45 - DOGE-USD: HOLD. Reason: No clear consensus
2026-09-18 13:26:36.448 | DEBUG    | engine.decision:evaluate_and_execute:45 - SPY: HOLD. Reason: No clear consensus
2026-09-18 13:26:36.984 | DEBUG    | engine.decision:evaluate_and_execute:45 - ETH-USD: HOLD. Reason: No clear consensus
2026-09-18 13:26:39.309 | DEBUG    | engine.decision:evaluate_and_execute:45 - DOGE-USD: HOLD. Reason: No clear consensus
2026-09-18 13:26:42.142 | DEBUG    | engine.decision:evaluate_and_execute:45 - SPY: HOLD. Reason: No clear consensus
2026-09-18 13:26:42.629 | DEBUG    | engine.decision:evaluate_and_execute:45 - ETH-USD: HOLD. Reason: No clear consensus
2026-09-18 13:26:44.869 | DEBUG    | engine.decision:evaluate_and_execute:45 - DOGE-USD: HOLD. Reason: No clear consensus
2026-09-18 13:26:47.715 | DEBUG    | engine.decision:evaluate_and_execute:45 - SPY: HOLD. Reason: No clear consensus
2026-09-18 13:26:48.223 | DEBUG    | engine.decision:evaluate_and_execute:45 - ETH-USD: HOLD. Reason: No clear consensus
2026-09-18 13:26:50.437 | DEBUG    | engine.decision:evaluate_and_execute:45 - DOGE-USD: HOLD. Reason: No clear consensus
2026-09-18 13:26:53.371 | DEBUG    | engine.decision:evaluate_and_execute:45 - SPY: HOLD. Reason: No clear consensus
2026-09-18 13:26:53.908 | DEBUG    | engine.decision:evaluate_and_execute:45 - ETH-USD: HOLD. Reason: No clear consensus
2026-09-18 13:26:55.949 | DEBUG    | engine.decision:evaluate_and_execute:45 - DOGE-USD: HOLD. Reason: No clear consensus
2026-09-18 13:26:59.009 | DEBUG    | engine.decision:evaluate_and_execute:45 - SPY: HOLD. Reason: No clear consensus
2026-09-18 13:26:59.542 | DEBUG    | engine.decision:evaluate_and_execute:45 - ETH-USD: HOLD. Reason: No clear consensus
2026-09-18 13:27:01.527 | DEBUG    | engine.decision:evaluate_and_execute:45 - DOGE-USD: HOLD. Reason: No clear consensus
2026-09-18 13:27:04.674 | DEBUG    | engine.decision:evaluate_and_execute:45 - SPY: HOLD. Reason: No clear consensus
2026-09-18 13:27:05.222 | DEBUG    | engine.decision:evaluate_and_execute:45 - ETH-USD: HOLD. Reason: No clear consensus
2026-09-18 13:27:07.065 | DEBUG    | engine.decision:evaluate_and_execute:45 - DOGE-USD: HOLD. Reason: No clear consensus
2026-09-18 13:27:10.333 | DEBUG    | engine.decision:evaluate_and_execute:45 - SPY: HOLD. Reason: No clear consensus
2026-09-18 13:27:10.830 | DEBUG    | engine.decision:evaluate_and_execute:45 - ETH-USD: HOLD. Reason: No clear consensus
2026-09-18 13:27:12.632 | DEBUG    | engine.decision:evaluate_and_execute:45 - DOGE-USD: HOLD. Reason: No clear consensus
2026-09-18 13:27:15.966 | DEBUG    | engine.decision:evaluate_and_execute:45 - SPY: HOLD. Reason: No clear consensus
2026-09-18 13:27:16.506 | DEBUG    | engine.decision:evaluate_and_execute:45 - ETH-USD: HOLD. Reason: No clear consensus
2026-09-18 13:27:18.141 | DEBUG    | engine.decision:evaluate_and_execute:45 - DOGE-USD: HOLD. Reason: No clear consensus
2026-09-18 13:27:21.560 | DEBUG    | engine.decision:evaluate_and_execute:45 - SPY: HOLD. Reason: No clear consensus
2026-09-18 13:27:22.152 | DEBUG    | engine.decision:evaluate_and_execute:45 - ETH-USD: HOLD. Reason: No clear consensus
2026-09-18 13:27:23.705 | DEBUG    | engine.decision:evaluate_and_execute:45 - DOGE-USD: HOLD. Reason: No clear consensus
2026-09-18 13:27:27.319 | DEBUG    | engine.decision:evaluate_and_execute:45 - SPY: HOLD. Reason: No clear consensus
2026-09-18 13:27:27.948 | DEBUG    | engine.decision:evaluate_and_execute:45 - ETH-USD: HOLD. Reason: No clear consensus
2026-09-18 13:27:29.217 | DEBUG    | engine.decision:evaluate_and_execute:45 - DOGE-USD: HOLD. Reason: No clear consensus
2026-09-18 13:27:33.061 | DEBUG    | engine.decision:evaluate_and_execute:45 - SPY: HOLD. Reason: No clear consensus
2026-09-18 13:27:33.578 | DEBUG    | engine.decision:evaluate_and_execute:45 - ETH-USD: HOLD. Reason: No clear consensus
2026-09-18 13:27:34.774 | DEBUG    | engine.decision:evaluate_and_execute:45 - DOGE-USD: HOLD. Reason: No clear consensus
2026-09-18 13:27:38.692 | DEBUG    | engine.decision:evaluate_and_execute:45 - SPY: HOLD. Reason: No clear consensus
2026-09-18 13:27:39.212 | DEBUG    | engine.decision:evaluate_and_execute:45 - ETH-USD: HOLD. Reason: No clear consensus
2026-09-18 13:27:40.360 | DEBUG    | engine.decision:evaluate_and_execute:45 - DOGE-USD: HOLD. Reason: No clear consensus
2026-09-18 13:27:44.309 | DEBUG    | engine.decision:evaluate_and_execute:45 - SPY: HOLD. Reason: No clear consensus
2026-09-18 13:27:44.870 | DEBUG    | engine.decision:evaluate_and_execute:72 - ETH-USD: SELL signal ignored (no open position).
2026-09-18 13:27:45.962 | DEBUG    | engine.decision:evaluate_and_execute:45 - DOGE-USD: HOLD. Reason: No clear consensus
2026-09-18 13:27:50.022 | DEBUG    | engine.decision:evaluate_and_execute:45 - SPY: HOLD. Reason: No clear consensus
2026-09-18 13:27:50.513 | DEBUG    | engine.decision:evaluate_and_execute:45 - ETH-USD: HOLD. Reason: No clear consensus
2026-09-18 13:27:51.476 | DEBUG    | engine.decision:evaluate_and_execute:45 - DOGE-USD: HOLD. Reason: No clear consensus
2026-09-18 13:27:55.599 | DEBUG    | engine.decision:evaluate_and_execute:45 - SPY: HOLD. Reason: No clear consensus
2026-09-18 13:27:56.150 | DEBUG    | engine.decision:evaluate_and_execute:45 - ETH-USD: HOLD. Reason: No clear consensus
2026-09-18 13:27:57.072 | DEBUG    | engine.decision:evaluate_and_execute:45 - DOGE-USD: HOLD. Reason: No clear consensus
2026-09-18 13:28:01.266 | DEBUG    | engine.decision:evaluate_and_execute:45 - SPY: HOLD. Reason: No clear consensus
2026-09-18 13:28:01.805 | DEBUG    | engine.decision:evaluate_and_execute:45 - ETH-USD: HOLD. Reason: No clear consensus
2026-09-18 13:28:02.599 | DEBUG    | engine.decision:evaluate_and_execute:45 - DOGE-USD: HOLD. Reason: No clear consensus
2026-09-18 13:28:06.878 | DEBUG    | engine.decision:evaluate_and_execute:45 - SPY: HOLD. Reason: No clear consensus
2026-09-18 13:28:07.431 | DEBUG    | engine.decision:evaluate_and_execute:45 - ETH-USD: HOLD. Reason: No clear consensus
2026-09-18 13:28:08.182 | DEBUG    | engine.decision:evaluate_and_execute:45 - DOGE-USD: HOLD. Reason: No clear consensus
2026-09-18 13:28:12.567 | DEBUG    | engine.decision:evaluate_and_execute:45 - SPY: HOLD. Reason: No clear consensus
2026-09-18 13:28:13.092 | DEBUG    | engine.decision:evaluate_and_execute:45 - ETH-USD: HOLD. Reason: No clear consensus
2026-09-18 13:28:13.775 | DEBUG    | engine.decision:evaluate_and_execute:45 - DOGE-USD: HOLD. Reason: No clear consensus
2026-09-18 13:28:18.138 | DEBUG    | engine.decision:evaluate_and_execute:45 - SPY: HOLD. Reason: No clear consensus
2026-09-18 13:28:18.746 | DEBUG    | engine.decision:evaluate_and_execute:45 - ETH-USD: HOLD. Reason: No clear consensus
2026-09-18 13:28:19.399 | DEBUG    | engine.decision:evaluate_and_execute:45 - DOGE-USD: HOLD. Reason: No clear consensus
2026-09-18 13:28:23.820 | DEBUG    | engine.decision:evaluate_and_execute:45 - SPY: HOLD. Reason: No clear consensus
2026-09-18 13:28:24.297 | DEBUG    | engine.decision:evaluate_and_execute:45 - ETH-USD: HOLD. Reason: No clear consensus
2026-09-18 13:28:24.971 | DEBUG    | engine.decision:evaluate_and_execute:45 - DOGE-USD: HOLD. Reason: No clear consensus
2026-09-18 13:28:29.398 | DEBUG    | engine.decision:evaluate_and_execute:45 - SPY: HOLD. Reason: No clear consensus
2026-09-18 13:28:29.882 | DEBUG    | engine.decision:evaluate_and_execute:45 - ETH-USD: HOLD. Reason: No clear consensus
2026-09-18 13:28:30.524 | DEBUG    | engine.decision:evaluate_and_execute:45 - DOGE-USD: HOLD. Reason: No clear consensus
2026-09-18 13:28:34.997 | DEBUG    | engine.decision:evaluate_and_execute:45 - SPY: HOLD. Reason: No clear consensus
2026-09-18 13:28:35.573 | DEBUG    | engine.decision:evaluate_and_execute:45 - ETH-USD: HOLD. Reason: No clear consensus
2026-09-18 13:28:36.195 | DEBUG    | engine.decision:evaluate_and_execute:45 - DOGE-USD: HOLD. Reason: No clear consensus
2026-09-18 13:28:40.723 | DEBUG    | engine.decision:evaluate_and_execute:45 - SPY: HOLD. Reason: No clear consensus
2026-09-18 13:28:41.764 | WARNING  | engine.filter:is_viable:46 - Trade ETH-USD rejected: Expected Net Return (-0.02%) < Min required (0.50%)
2026-09-18 13:28:41.866 | DEBUG    | engine.decision:evaluate_and_execute:45 - DOGE-USD: HOLD. Reason: No clear consensus
2026-09-18 13:28:42.121 | WARNING  | engine.filter:is_viable:46 - Trade ETH-USD rejected: Expected Net Return (-0.02%) < Min required (0.50%)
2026-09-18 13:28:42.121 | WARNING  | engine.decision:evaluate_and_execute:58 - ETH-USD: Trade is not viable due to costs/low expected return.
2026-09-18 13:28:46.428 | DEBUG    | engine.decision:evaluate_and_execute:45 - SPY: HOLD. Reason: No clear consensus
2026-09-18 13:28:47.403 | DEBUG    | engine.decision:evaluate_and_execute:45 - DOGE-USD: HOLD. Reason: No clear consensus
2026-09-18 13:28:47.923 | DEBUG    | engine.decision:evaluate_and_execute:45 - ETH-USD: HOLD. Reason: No clear consensus
2026-09-18 13:28:51.886 | DEBUG    | engine.decision:evaluate_and_execute:45 - SPY: HOLD. Reason: No clear consensus
2026-09-18 13:28:53.157 | DEBUG    | engine.decision:evaluate_and_execute:45 - DOGE-USD: HOLD. Reason: No clear consensus
2026-09-18 13:28:53.684 | DEBUG    | engine.decision:evaluate_and_execute:45 - ETH-USD: HOLD. Reason: No clear consensus
2026-09-18 13:28:57.428 | DEBUG    | engine.decision:evaluate_and_execute:45 - SPY: HOLD. Reason: No clear consensus
2026-09-18 13:28:58.801 | DEBUG    | engine.decision:evaluate_and_execute:45 - DOGE-USD: HOLD. Reason: No clear consensus
2026-09-18 13:28:59.300 | DEBUG    | engine.decision:evaluate_and_execute:45 - ETH-USD: HOLD. Reason: No clear consensus
2026-09-18 13:29:02.928 | DEBUG    | engine.decision:evaluate_and_execute:45 - SPY: HOLD. Reason: No clear consensus
2026-09-18 13:29:04.526 | DEBUG    | engine.decision:evaluate_and_execute:45 - DOGE-USD: HOLD. Reason: No clear consensus
2026-09-18 13:29:05.058 | DEBUG    | engine.decision:evaluate_and_execute:45 - ETH-USD: HOLD. Reason: No clear consensus
2026-09-18 13:29:08.517 | DEBUG    | engine.decision:evaluate_and_execute:45 - SPY: HOLD. Reason: No clear consensus
2026-09-18 13:29:10.240 | DEBUG    | engine.decision:evaluate_and_execute:45 - DOGE-USD: HOLD. Reason: No clear consensus
2026-09-18 13:29:10.733 | DEBUG    | engine.decision:evaluate_and_execute:45 - ETH-USD: HOLD. Reason: No clear consensus
2026-09-18 13:29:13.992 | DEBUG    | engine.decision:evaluate_and_execute:45 - SPY: HOLD. Reason: No clear consensus
2026-09-18 13:29:16.329 | DEBUG    | engine.decision:evaluate_and_execute:45 - DOGE-USD: HOLD. Reason: No clear consensus
2026-09-18 13:29:16.345 | DEBUG    | engine.decision:evaluate_and_execute:45 - ETH-USD: HOLD. Reason: No clear consensus
2026-09-18 13:29:19.559 | DEBUG    | engine.decision:evaluate_and_execute:45 - SPY: HOLD. Reason: No clear consensus
2026-09-18 13:29:22.432 | DEBUG    | engine.decision:evaluate_and_execute:45 - ETH-USD: HOLD. Reason: No clear consensus
2026-09-18 13:29:22.433 | DEBUG    | engine.decision:evaluate_and_execute:45 - DOGE-USD: HOLD. Reason: No clear consensus
2026-09-18 13:29:25.114 | DEBUG    | engine.decision:evaluate_and_execute:45 - SPY: HOLD. Reason: No clear consensus
2026-09-18 13:29:28.445 | DEBUG    | engine.decision:evaluate_and_execute:45 - DOGE-USD: HOLD. Reason: No clear consensus
2026-09-18 13:29:28.456 | DEBUG    | engine.decision:evaluate_and_execute:45 - ETH-USD: HOLD. Reason: No clear consensus
2026-09-18 13:29:30.732 | DEBUG    | engine.decision:evaluate_and_execute:45 - SPY: HOLD. Reason: No clear consensus
2026-09-18 13:29:34.472 | DEBUG    | engine.decision:evaluate_and_execute:45 - DOGE-USD: HOLD. Reason: No clear consensus
2026-09-18 13:29:34.490 | DEBUG    | engine.decision:evaluate_and_execute:45 - ETH-USD: HOLD. Reason: No clear consensus
2026-09-18 13:29:36.245 | DEBUG    | engine.decision:evaluate_and_execute:45 - SPY: HOLD. Reason: No clear consensus
2026-09-18 13:29:40.368 | DEBUG    | engine.decision:evaluate_and_execute:45 - DOGE-USD: HOLD. Reason: No clear consensus
2026-09-18 13:29:40.811 | DEBUG    | engine.decision:evaluate_and_execute:45 - ETH-USD: HOLD. Reason: No clear consensus
2026-09-18 13:29:41.882 | DEBUG    | engine.decision:evaluate_and_execute:45 - SPY: HOLD. Reason: No clear consensus
2026-09-18 13:29:45.958 | DEBUG    | engine.decision:evaluate_and_execute:45 - DOGE-USD: HOLD. Reason: No clear consensus
2026-09-18 13:29:46.460 | DEBUG    | engine.decision:evaluate_and_execute:45 - ETH-USD: HOLD. Reason: No clear consensus
2026-09-18 13:29:47.345 | DEBUG    | engine.decision:evaluate_and_execute:45 - SPY: HOLD. Reason: No clear consensus
2026-09-18 13:29:51.672 | DEBUG    | engine.decision:evaluate_and_execute:45 - DOGE-USD: HOLD. Reason: No clear consensus
2026-09-18 13:29:52.234 | DEBUG    | engine.decision:evaluate_and_execute:45 - ETH-USD: HOLD. Reason: No clear consensus
2026-09-18 13:29:52.916 | DEBUG    | engine.decision:evaluate_and_execute:45 - SPY: HOLD. Reason: No clear consensus
2026-09-18 13:29:57.331 | DEBUG    | engine.decision:evaluate_and_execute:45 - DOGE-USD: HOLD. Reason: No clear consensus
2026-09-18 13:29:57.851 | DEBUG    | engine.decision:evaluate_and_execute:45 - ETH-USD: HOLD. Reason: No clear consensus
2026-09-18 13:29:58.429 | DEBUG    | engine.decision:evaluate_and_execute:45 - SPY: HOLD. Reason: No clear consensus
2026-09-18 13:30:03.043 | DEBUG    | engine.decision:evaluate_and_execute:45 - DOGE-USD: HOLD. Reason: No clear consensus
2026-09-18 13:30:03.602 | DEBUG    | engine.decision:evaluate_and_execute:45 - ETH-USD: HOLD. Reason: No clear consensus
2026-09-18 13:30:04.161 | DEBUG    | engine.decision:evaluate_and_execute:45 - SPY: HOLD. Reason: No clear consensus
2026-09-18 13:30:08.740 | DEBUG    | engine.decision:evaluate_and_execute:45 - DOGE-USD: HOLD. Reason: No clear consensus
2026-09-18 13:30:09.310 | DEBUG    | engine.decision:evaluate_and_execute:45 - ETH-USD: HOLD. Reason: No clear consensus
2026-09-18 13:30:09.827 | DEBUG    | engine.decision:evaluate_and_execute:45 - SPY: HOLD. Reason: No clear consensus
2026-09-18 13:30:14.419 | DEBUG    | engine.decision:evaluate_and_execute:45 - DOGE-USD: HOLD. Reason: No clear consensus
2026-09-18 13:30:15.058 | DEBUG    | engine.decision:evaluate_and_execute:45 - ETH-USD: HOLD. Reason: No clear consensus
2026-09-18 13:30:15.539 | DEBUG    | engine.decision:evaluate_and_execute:45 - SPY: HOLD. Reason: No clear consensus
2026-09-18 13:30:19.923 | DEBUG    | engine.decision:evaluate_and_execute:45 - DOGE-USD: HOLD. Reason: No clear consensus
2026-09-18 13:30:20.731 | DEBUG    | engine.decision:evaluate_and_execute:45 - ETH-USD: HOLD. Reason: No clear consensus
2026-09-18 13:30:21.203 | DEBUG    | engine.decision:evaluate_and_execute:45 - SPY: HOLD. Reason: No clear consensus
2026-09-18 13:30:25.576 | DEBUG    | engine.decision:evaluate_and_execute:45 - DOGE-USD: HOLD. Reason: No clear consensus
2026-09-18 13:30:26.439 | DEBUG    | engine.decision:evaluate_and_execute:45 - ETH-USD: HOLD. Reason: No clear consensus
2026-09-18 13:30:26.933 | DEBUG    | engine.decision:evaluate_and_execute:45 - SPY: HOLD. Reason: No clear consensus
2026-09-18 13:30:31.124 | DEBUG    | engine.decision:evaluate_and_execute:45 - DOGE-USD: HOLD. Reason: No clear consensus
2026-09-18 13:30:32.079 | DEBUG    | engine.decision:evaluate_and_execute:45 - ETH-USD: HOLD. Reason: No clear consensus
2026-09-18 13:30:32.565 | DEBUG    | engine.decision:evaluate_and_execute:45 - SPY: HOLD. Reason: No clear consensus
2026-09-18 13:30:36.794 | DEBUG    | engine.decision:evaluate_and_execute:45 - DOGE-USD: HOLD. Reason: No clear consensus
2026-09-18 13:30:37.763 | DEBUG    | engine.decision:evaluate_and_execute:45 - ETH-USD: HOLD. Reason: No clear consensus
2026-09-18 13:30:38.241 | DEBUG    | engine.decision:evaluate_and_execute:45 - SPY: HOLD. Reason: No clear consensus
2026-09-18 13:30:42.330 | DEBUG    | engine.decision:evaluate_and_execute:45 - DOGE-USD: HOLD. Reason: No clear consensus
2026-09-18 13:30:43.619 | DEBUG    | engine.decision:evaluate_and_execute:45 - ETH-USD: HOLD. Reason: No clear consensus
2026-09-18 13:30:43.968 | DEBUG    | engine.decision:evaluate_and_execute:45 - SPY: HOLD. Reason: No clear consensus
2026-09-18 13:30:47.980 | DEBUG    | engine.decision:evaluate_and_execute:45 - DOGE-USD: HOLD. Reason: No clear consensus
2026-09-18 13:30:49.400 | DEBUG    | engine.decision:evaluate_and_execute:45 - ETH-USD: HOLD. Reason: No clear consensus
2026-09-18 13:30:49.812 | DEBUG    | engine.decision:evaluate_and_execute:45 - SPY: HOLD. Reason: No clear consensus
2026-09-18 13:30:53.625 | DEBUG    | engine.decision:evaluate_and_execute:45 - DOGE-USD: HOLD. Reason: No clear consensus
2026-09-18 13:30:54.985 | DEBUG    | engine.decision:evaluate_and_execute:45 - ETH-USD: HOLD. Reason: No clear consensus
2026-09-18 13:30:55.579 | DEBUG    | engine.decision:evaluate_and_execute:45 - SPY: HOLD. Reason: No clear consensus
2026-09-18 13:30:59.291 | DEBUG    | engine.decision:evaluate_and_execute:45 - DOGE-USD: HOLD. Reason: No clear consensus
2026-09-18 13:31:00.753 | DEBUG    | engine.decision:evaluate_and_execute:45 - ETH-USD: HOLD. Reason: No clear consensus
2026-09-18 13:31:01.357 | DEBUG    | engine.decision:evaluate_and_execute:45 - SPY: HOLD. Reason: No clear consensus
2026-09-18 13:31:04.799 | DEBUG    | engine.decision:evaluate_and_execute:45 - DOGE-USD: HOLD. Reason: No clear consensus
2026-09-18 13:31:06.412 | DEBUG    | engine.decision:evaluate_and_execute:45 - ETH-USD: HOLD. Reason: No clear consensus
2026-09-18 13:31:06.902 | DEBUG    | engine.decision:evaluate_and_execute:45 - SPY: HOLD. Reason: No clear consensus
2026-09-18 13:31:10.495 | DEBUG    | engine.decision:evaluate_and_execute:45 - DOGE-USD: HOLD. Reason: No clear consensus
2026-09-18 13:31:12.104 | DEBUG    | engine.decision:evaluate_and_execute:45 - ETH-USD: HOLD. Reason: No clear consensus
2026-09-18 13:31:12.618 | DEBUG    | engine.decision:evaluate_and_execute:45 - SPY: HOLD. Reason: No clear consensus
2026-09-18 13:31:16.040 | DEBUG    | engine.decision:evaluate_and_execute:45 - DOGE-USD: HOLD. Reason: No clear consensus
2026-09-18 13:31:17.830 | DEBUG    | engine.decision:evaluate_and_execute:45 - ETH-USD: HOLD. Reason: No clear consensus
2026-09-18 13:31:18.309 | DEBUG    | engine.decision:evaluate_and_execute:45 - SPY: HOLD. Reason: No clear consensus
2026-09-18 13:31:21.698 | DEBUG    | engine.decision:evaluate_and_execute:45 - DOGE-USD: HOLD. Reason: No clear consensus
2026-09-18 13:31:23.549 | DEBUG    | engine.decision:evaluate_and_execute:45 - ETH-USD: HOLD. Reason: No clear consensus
2026-09-18 13:31:24.007 | DEBUG    | engine.decision:evaluate_and_execute:45 - SPY: HOLD. Reason: No clear consensus
2026-09-18 13:31:27.261 | DEBUG    | engine.decision:evaluate_and_execute:45 - DOGE-USD: HOLD. Reason: No clear consensus
2026-09-18 13:31:29.170 | DEBUG    | engine.decision:evaluate_and_execute:45 - ETH-USD: HOLD. Reason: No clear consensus
2026-09-18 13:31:29.629 | DEBUG    | engine.decision:evaluate_and_execute:45 - SPY: HOLD. Reason: No clear consensus
2026-09-18 13:31:32.996 | DEBUG    | engine.decision:evaluate_and_execute:45 - DOGE-USD: HOLD. Reason: No clear consensus
2026-09-18 13:31:34.988 | DEBUG    | engine.decision:evaluate_and_execute:45 - ETH-USD: HOLD. Reason: No clear consensus
2026-09-18 13:31:35.387 | DEBUG    | engine.decision:evaluate_and_execute:45 - SPY: HOLD. Reason: No clear consensus
2026-09-18 13:31:38.552 | DEBUG    | engine.decision:evaluate_and_execute:45 - DOGE-USD: HOLD. Reason: No clear consensus
2026-09-18 13:31:40.587 | DEBUG    | engine.decision:evaluate_and_execute:45 - ETH-USD: HOLD. Reason: No clear consensus
2026-09-18 13:31:41.070 | DEBUG    | engine.decision:evaluate_and_execute:45 - SPY: HOLD. Reason: No clear consensus
2026-09-18 13:31:44.129 | DEBUG    | engine.decision:evaluate_and_execute:45 - DOGE-USD: HOLD. Reason: No clear consensus
2026-09-18 13:31:46.279 | DEBUG    | engine.decision:evaluate_and_execute:45 - ETH-USD: HOLD. Reason: No clear consensus
2026-09-18 13:31:46.779 | DEBUG    | engine.decision:evaluate_and_execute:45 - SPY: HOLD. Reason: No clear consensus
2026-09-18 13:31:49.652 | DEBUG    | engine.decision:evaluate_and_execute:45 - DOGE-USD: HOLD. Reason: No clear consensus
2026-09-18 13:31:51.957 | DEBUG    | engine.decision:evaluate_and_execute:45 - ETH-USD: HOLD. Reason: No clear consensus
2026-09-18 13:31:52.430 | DEBUG    | engine.decision:evaluate_and_execute:45 - SPY: HOLD. Reason: No clear consensus
2026-09-18 13:31:55.230 | DEBUG    | engine.decision:evaluate_and_execute:45 - DOGE-USD: HOLD. Reason: No clear consensus
2026-09-18 13:31:57.649 | DEBUG    | engine.decision:evaluate_and_execute:45 - ETH-USD: HOLD. Reason: No clear consensus
2026-09-18 13:31:58.115 | DEBUG    | engine.decision:evaluate_and_execute:45 - SPY: HOLD. Reason: No clear consensus
2026-09-18 13:32:00.739 | DEBUG    | engine.decision:evaluate_and_execute:45 - DOGE-USD: HOLD. Reason: No clear consensus
2026-09-18 13:32:03.282 | DEBUG    | engine.decision:evaluate_and_execute:45 - ETH-USD: HOLD. Reason: No clear consensus
2026-09-18 13:32:03.759 | DEBUG    | engine.decision:evaluate_and_execute:45 - SPY: HOLD. Reason: No clear consensus
2026-09-18 13:32:06.308 | DEBUG    | engine.decision:evaluate_and_execute:45 - DOGE-USD: HOLD. Reason: No clear consensus
2026-09-18 13:32:08.967 | DEBUG    | engine.decision:evaluate_and_execute:45 - ETH-USD: HOLD. Reason: No clear consensus
2026-09-18 13:32:09.486 | DEBUG    | engine.decision:evaluate_and_execute:45 - SPY: HOLD. Reason: No clear consensus
2026-09-18 13:32:11.846 | DEBUG    | engine.decision:evaluate_and_execute:45 - DOGE-USD: HOLD. Reason: No clear consensus
2026-09-18 13:32:14.664 | DEBUG    | engine.decision:evaluate_and_execute:45 - ETH-USD: HOLD. Reason: No clear consensus
2026-09-18 13:32:15.154 | DEBUG    | engine.decision:evaluate_and_execute:45 - SPY: HOLD. Reason: No clear consensus
2026-09-18 13:32:17.713 | DEBUG    | engine.decision:evaluate_and_execute:45 - DOGE-USD: HOLD. Reason: No clear consensus
2026-09-18 13:32:20.319 | DEBUG    | engine.decision:evaluate_and_execute:45 - ETH-USD: HOLD. Reason: No clear consensus
2026-09-18 13:32:20.769 | DEBUG    | engine.decision:evaluate_and_execute:45 - SPY: HOLD. Reason: No clear consensus
2026-09-18 13:32:23.241 | DEBUG    | engine.decision:evaluate_and_execute:45 - DOGE-USD: HOLD. Reason: No clear consensus
2026-09-18 13:32:25.965 | DEBUG    | engine.decision:evaluate_and_execute:45 - ETH-USD: HOLD. Reason: No clear consensus
2026-09-18 13:32:26.631 | DEBUG    | engine.decision:evaluate_and_execute:45 - SPY: HOLD. Reason: No clear consensus
2026-09-18 13:32:28.839 | DEBUG    | engine.decision:evaluate_and_execute:45 - DOGE-USD: HOLD. Reason: No clear consensus
2026-09-18 13:32:31.836 | DEBUG    | engine.decision:evaluate_and_execute:45 - ETH-USD: HOLD. Reason: No clear consensus
2026-09-18 13:32:32.297 | DEBUG    | engine.decision:evaluate_and_execute:45 - SPY: HOLD. Reason: No clear consensus
2026-09-18 13:32:34.373 | DEBUG    | engine.decision:evaluate_and_execute:45 - DOGE-USD: HOLD. Reason: No clear consensus
2026-09-18 13:32:37.455 | DEBUG    | engine.decision:evaluate_and_execute:45 - ETH-USD: HOLD. Reason: No clear consensus
2026-09-18 13:32:37.939 | DEBUG    | engine.decision:evaluate_and_execute:45 - SPY: HOLD. Reason: No clear consensus
2026-09-18 13:32:40.017 | DEBUG    | engine.decision:evaluate_and_execute:45 - DOGE-USD: HOLD. Reason: No clear consensus
2026-09-18 13:32:43.221 | DEBUG    | engine.decision:evaluate_and_execute:45 - ETH-USD: HOLD. Reason: No clear consensus
2026-09-18 13:32:43.789 | DEBUG    | engine.decision:evaluate_and_execute:45 - SPY: HOLD. Reason: No clear consensus
2026-09-18 13:32:45.623 | DEBUG    | engine.decision:evaluate_and_execute:45 - DOGE-USD: HOLD. Reason: No clear consensus
2026-09-18 13:32:48.891 | DEBUG    | engine.decision:evaluate_and_execute:45 - ETH-USD: HOLD. Reason: No clear consensus
2026-09-18 13:32:49.368 | DEBUG    | engine.decision:evaluate_and_execute:45 - SPY: HOLD. Reason: No clear consensus
2026-09-18 13:32:51.290 | DEBUG    | engine.decision:evaluate_and_execute:45 - DOGE-USD: HOLD. Reason: No clear consensus
2026-09-18 13:32:54.761 | DEBUG    | engine.decision:evaluate_and_execute:45 - ETH-USD: HOLD. Reason: No clear consensus
2026-09-18 13:32:55.113 | DEBUG    | engine.decision:evaluate_and_execute:45 - SPY: HOLD. Reason: No clear consensus
2026-09-18 13:32:56.850 | DEBUG    | engine.decision:evaluate_and_execute:45 - DOGE-USD: HOLD. Reason: No clear consensus
2026-09-18 13:33:00.332 | DEBUG    | engine.decision:evaluate_and_execute:45 - ETH-USD: HOLD. Reason: No clear consensus
2026-09-18 13:33:00.794 | DEBUG    | engine.decision:evaluate_and_execute:45 - SPY: HOLD. Reason: No clear consensus
2026-09-18 13:33:02.433 | DEBUG    | engine.decision:evaluate_and_execute:45 - DOGE-USD: HOLD. Reason: No clear consensus
2026-09-18 13:33:06.253 | DEBUG    | engine.decision:evaluate_and_execute:45 - ETH-USD: HOLD. Reason: No clear consensus
2026-09-18 13:33:06.631 | DEBUG    | engine.decision:evaluate_and_execute:45 - SPY: HOLD. Reason: No clear consensus
2026-09-18 13:33:08.060 | DEBUG    | engine.decision:evaluate_and_execute:45 - DOGE-USD: HOLD. Reason: No clear consensus
2026-09-18 13:33:11.826 | DEBUG    | engine.decision:evaluate_and_execute:45 - ETH-USD: HOLD. Reason: No clear consensus
2026-09-18 13:33:12.287 | DEBUG    | engine.decision:evaluate_and_execute:45 - SPY: HOLD. Reason: No clear consensus
2026-09-18 13:33:13.748 | DEBUG    | engine.decision:evaluate_and_execute:45 - DOGE-USD: HOLD. Reason: No clear consensus
2026-09-18 13:33:17.548 | DEBUG    | engine.decision:evaluate_and_execute:45 - ETH-USD: HOLD. Reason: No clear consensus
2026-09-18 13:33:18.072 | DEBUG    | engine.decision:evaluate_and_execute:45 - SPY: HOLD. Reason: No clear consensus
2026-09-18 13:33:19.265 | DEBUG    | engine.decision:evaluate_and_execute:45 - DOGE-USD: HOLD. Reason: No clear consensus
2026-09-18 13:33:23.268 | DEBUG    | engine.decision:evaluate_and_execute:45 - ETH-USD: HOLD. Reason: No clear consensus
2026-09-18 13:33:23.810 | DEBUG    | engine.decision:evaluate_and_execute:45 - SPY: HOLD. Reason: No clear consensus
2026-09-18 13:33:24.961 | DEBUG    | engine.decision:evaluate_and_execute:45 - DOGE-USD: HOLD. Reason: No clear consensus
2026-09-18 13:33:29.224 | DEBUG    | engine.decision:evaluate_and_execute:45 - ETH-USD: HOLD. Reason: No clear consensus
2026-09-18 13:33:29.574 | DEBUG    | engine.decision:evaluate_and_execute:45 - SPY: HOLD. Reason: No clear consensus
2026-09-18 13:33:30.529 | DEBUG    | engine.decision:evaluate_and_execute:45 - DOGE-USD: HOLD. Reason: No clear consensus
2026-09-18 13:33:34.797 | DEBUG    | engine.decision:evaluate_and_execute:45 - ETH-USD: HOLD. Reason: No clear consensus
2026-09-18 13:33:35.333 | DEBUG    | engine.decision:evaluate_and_execute:45 - SPY: HOLD. Reason: No clear consensus
2026-09-18 13:33:36.212 | DEBUG    | engine.decision:evaluate_and_execute:45 - DOGE-USD: HOLD. Reason: No clear consensus
2026-09-18 13:33:40.549 | DEBUG    | engine.decision:evaluate_and_execute:72 - ETH-USD: SELL signal ignored (no open position).
2026-09-18 13:33:41.030 | DEBUG    | engine.decision:evaluate_and_execute:45 - SPY: HOLD. Reason: No clear consensus
2026-09-18 13:33:41.736 | DEBUG    | engine.decision:evaluate_and_execute:45 - DOGE-USD: HOLD. Reason: No clear consensus
2026-09-18 13:33:46.212 | DEBUG    | engine.decision:evaluate_and_execute:45 - ETH-USD: HOLD. Reason: No clear consensus
2026-09-18 13:33:46.790 | DEBUG    | engine.decision:evaluate_and_execute:45 - SPY: HOLD. Reason: No clear consensus
2026-09-18 13:33:47.498 | DEBUG    | engine.decision:evaluate_and_execute:45 - DOGE-USD: HOLD. Reason: No clear consensus
2026-09-18 13:33:52.112 | DEBUG    | engine.decision:evaluate_and_execute:45 - ETH-USD: HOLD. Reason: No clear consensus
2026-09-18 13:33:52.570 | DEBUG    | engine.decision:evaluate_and_execute:45 - SPY: HOLD. Reason: No clear consensus
2026-09-18 13:33:53.125 | DEBUG    | engine.decision:evaluate_and_execute:45 - DOGE-USD: HOLD. Reason: No clear consensus
2026-09-18 13:33:57.689 | DEBUG    | engine.decision:evaluate_and_execute:45 - ETH-USD: HOLD. Reason: No clear consensus
2026-09-18 13:33:58.163 | DEBUG    | engine.decision:evaluate_and_execute:45 - SPY: HOLD. Reason: No clear consensus
2026-09-18 13:33:58.685 | DEBUG    | engine.decision:evaluate_and_execute:45 - DOGE-USD: HOLD. Reason: No clear consensus
2026-09-18 13:34:03.272 | DEBUG    | engine.decision:evaluate_and_execute:45 - ETH-USD: HOLD. Reason: No clear consensus
2026-09-18 13:34:03.770 | DEBUG    | engine.decision:evaluate_and_execute:45 - SPY: HOLD. Reason: No clear consensus
2026-09-18 13:34:04.309 | DEBUG    | engine.decision:evaluate_and_execute:45 - DOGE-USD: HOLD. Reason: No clear consensus
2026-09-18 13:34:08.871 | DEBUG    | engine.decision:evaluate_and_execute:45 - ETH-USD: HOLD. Reason: No clear consensus
2026-09-18 13:34:09.366 | DEBUG    | engine.decision:evaluate_and_execute:45 - SPY: HOLD. Reason: No clear consensus
2026-09-18 13:34:09.907 | DEBUG    | engine.decision:evaluate_and_execute:45 - DOGE-USD: HOLD. Reason: No clear consensus
2026-09-18 13:34:14.409 | DEBUG    | engine.decision:evaluate_and_execute:45 - ETH-USD: HOLD. Reason: No clear consensus
2026-09-18 13:34:15.055 | DEBUG    | engine.decision:evaluate_and_execute:45 - SPY: HOLD. Reason: No clear consensus
2026-09-18 13:34:15.788 | DEBUG    | engine.decision:evaluate_and_execute:45 - DOGE-USD: HOLD. Reason: No clear consensus
2026-09-18 13:34:19.949 | DEBUG    | engine.decision:evaluate_and_execute:45 - ETH-USD: HOLD. Reason: No clear consensus
2026-09-18 13:34:21.017 | DEBUG    | engine.decision:evaluate_and_execute:45 - SPY: HOLD. Reason: No clear consensus
2026-09-18 13:34:21.495 | DEBUG    | engine.decision:evaluate_and_execute:45 - DOGE-USD: HOLD. Reason: No clear consensus
2026-09-18 13:34:25.506 | DEBUG    | engine.decision:evaluate_and_execute:45 - ETH-USD: HOLD. Reason: No clear consensus
2026-09-18 13:34:26.686 | DEBUG    | engine.decision:evaluate_and_execute:45 - SPY: HOLD. Reason: No clear consensus
2026-09-18 13:34:27.184 | DEBUG    | engine.decision:evaluate_and_execute:45 - DOGE-USD: HOLD. Reason: No clear consensus
2026-09-18 13:34:31.010 | DEBUG    | engine.decision:evaluate_and_execute:45 - ETH-USD: HOLD. Reason: No clear consensus
2026-09-18 13:34:32.263 | DEBUG    | engine.decision:evaluate_and_execute:45 - SPY: HOLD. Reason: No clear consensus
2026-09-18 13:34:32.809 | DEBUG    | engine.decision:evaluate_and_execute:45 - DOGE-USD: HOLD. Reason: No clear consensus
2026-09-18 13:34:36.620 | DEBUG    | engine.decision:evaluate_and_execute:45 - ETH-USD: HOLD. Reason: No clear consensus
2026-09-18 13:34:37.995 | DEBUG    | engine.decision:evaluate_and_execute:45 - SPY: HOLD. Reason: No clear consensus
2026-09-18 13:34:38.477 | DEBUG    | engine.decision:evaluate_and_execute:45 - DOGE-USD: HOLD. Reason: No clear consensus
2026-09-18 13:34:42.173 | DEBUG    | engine.decision:evaluate_and_execute:45 - ETH-USD: HOLD. Reason: No clear consensus
2026-09-18 13:34:43.603 | DEBUG    | engine.decision:evaluate_and_execute:45 - SPY: HOLD. Reason: No clear consensus
2026-09-18 13:34:44.053 | DEBUG    | engine.decision:evaluate_and_execute:45 - DOGE-USD: HOLD. Reason: No clear consensus
2026-09-18 13:34:47.712 | DEBUG    | engine.decision:evaluate_and_execute:45 - ETH-USD: HOLD. Reason: No clear consensus
2026-09-18 13:34:49.208 | DEBUG    | engine.decision:evaluate_and_execute:45 - SPY: HOLD. Reason: No clear consensus
2026-09-18 13:34:49.669 | DEBUG    | engine.decision:evaluate_and_execute:45 - DOGE-USD: HOLD. Reason: No clear consensus
2026-09-18 13:34:53.186 | DEBUG    | engine.decision:evaluate_and_execute:45 - ETH-USD: HOLD. Reason: No clear consensus
2026-09-18 13:34:54.808 | DEBUG    | engine.decision:evaluate_and_execute:45 - SPY: HOLD. Reason: No clear consensus
2026-09-18 13:34:55.297 | DEBUG    | engine.decision:evaluate_and_execute:45 - DOGE-USD: HOLD. Reason: No clear consensus
2026-09-18 13:34:58.843 | DEBUG    | engine.decision:evaluate_and_execute:45 - ETH-USD: HOLD. Reason: No clear consensus
2026-09-18 13:35:00.428 | DEBUG    | engine.decision:evaluate_and_execute:45 - SPY: HOLD. Reason: No clear consensus
2026-09-18 13:35:00.905 | DEBUG    | engine.decision:evaluate_and_execute:45 - DOGE-USD: HOLD. Reason: No clear consensus
2026-09-18 13:35:04.328 | DEBUG    | engine.decision:evaluate_and_execute:45 - ETH-USD: HOLD. Reason: No clear consensus
2026-09-18 13:35:05.994 | DEBUG    | engine.decision:evaluate_and_execute:45 - SPY: HOLD. Reason: No clear consensus
2026-09-18 13:35:06.481 | DEBUG    | engine.decision:evaluate_and_execute:45 - DOGE-USD: HOLD. Reason: No clear consensus
2026-09-18 13:35:09.945 | DEBUG    | engine.decision:evaluate_and_execute:45 - ETH-USD: HOLD. Reason: No clear consensus
2026-09-18 13:35:11.608 | DEBUG    | engine.decision:evaluate_and_execute:45 - SPY: HOLD. Reason: No clear consensus
2026-09-18 13:35:12.087 | DEBUG    | engine.decision:evaluate_and_execute:45 - DOGE-USD: HOLD. Reason: No clear consensus
2026-09-18 13:35:15.489 | DEBUG    | engine.decision:evaluate_and_execute:45 - ETH-USD: HOLD. Reason: No clear consensus
2026-09-18 13:35:17.189 | DEBUG    | engine.decision:evaluate_and_execute:45 - SPY: HOLD. Reason: No clear consensus
2026-09-18 13:35:17.837 | DEBUG    | engine.decision:evaluate_and_execute:45 - DOGE-USD: HOLD. Reason: No clear consensus
2026-09-18 13:35:21.096 | DEBUG    | engine.decision:evaluate_and_execute:45 - ETH-USD: HOLD. Reason: No clear consensus
2026-09-18 13:35:22.993 | DEBUG    | engine.decision:evaluate_and_execute:45 - SPY: HOLD. Reason: No clear consensus
2026-09-18 13:35:23.472 | DEBUG    | engine.decision:evaluate_and_execute:45 - DOGE-USD: HOLD. Reason: No clear consensus
2026-09-18 13:35:26.727 | DEBUG    | engine.decision:evaluate_and_execute:45 - ETH-USD: HOLD. Reason: No clear consensus
2026-09-18 13:35:28.584 | DEBUG    | engine.decision:evaluate_and_execute:45 - SPY: HOLD. Reason: No clear consensus
2026-09-18 13:35:29.212 | DEBUG    | engine.decision:evaluate_and_execute:45 - DOGE-USD: HOLD. Reason: No clear consensus
2026-09-18 13:35:32.323 | DEBUG    | engine.decision:evaluate_and_execute:45 - ETH-USD: HOLD. Reason: No clear consensus
2026-09-18 13:35:34.119 | DEBUG    | engine.decision:evaluate_and_execute:45 - SPY: HOLD. Reason: No clear consensus
2026-09-18 13:35:34.911 | DEBUG    | engine.decision:evaluate_and_execute:45 - DOGE-USD: HOLD. Reason: No clear consensus
2026-09-18 13:35:37.807 | DEBUG    | engine.decision:evaluate_and_execute:45 - ETH-USD: HOLD. Reason: No clear consensus
2026-09-18 13:35:39.623 | DEBUG    | engine.decision:evaluate_and_execute:45 - SPY: HOLD. Reason: No clear consensus
2026-09-18 13:35:40.536 | DEBUG    | engine.decision:evaluate_and_execute:45 - DOGE-USD: HOLD. Reason: No clear consensus
2026-09-18 13:35:43.359 | DEBUG    | engine.decision:evaluate_and_execute:45 - ETH-USD: HOLD. Reason: No clear consensus
2026-09-18 13:35:45.292 | DEBUG    | engine.decision:evaluate_and_execute:45 - SPY: HOLD. Reason: No clear consensus
2026-09-18 13:35:46.061 | DEBUG    | engine.decision:evaluate_and_execute:45 - DOGE-USD: HOLD. Reason: No clear consensus
2026-09-18 13:35:48.890 | DEBUG    | engine.decision:evaluate_and_execute:45 - ETH-USD: HOLD. Reason: No clear consensus
2026-09-18 13:35:50.896 | DEBUG    | engine.decision:evaluate_and_execute:45 - SPY: HOLD. Reason: No clear consensus
2026-09-18 13:35:51.893 | DEBUG    | engine.decision:evaluate_and_execute:45 - DOGE-USD: HOLD. Reason: No clear consensus
2026-09-18 13:35:54.501 | DEBUG    | engine.decision:evaluate_and_execute:45 - ETH-USD: HOLD. Reason: No clear consensus
2026-09-18 13:35:56.477 | DEBUG    | engine.decision:evaluate_and_execute:45 - SPY: HOLD. Reason: No clear consensus
2026-09-18 13:35:57.499 | DEBUG    | engine.decision:evaluate_and_execute:45 - DOGE-USD: HOLD. Reason: No clear consensus
2026-09-18 13:35:59.997 | DEBUG    | engine.decision:evaluate_and_execute:72 - ETH-USD: SELL signal ignored (no open position).
2026-09-18 13:36:02.047 | DEBUG    | engine.decision:evaluate_and_execute:45 - SPY: HOLD. Reason: No clear consensus
2026-09-18 13:36:03.206 | DEBUG    | engine.decision:evaluate_and_execute:45 - DOGE-USD: HOLD. Reason: No clear consensus
2026-09-18 13:36:05.657 | DEBUG    | engine.decision:evaluate_and_execute:45 - ETH-USD: HOLD. Reason: No clear consensus
2026-09-18 13:36:07.785 | DEBUG    | engine.decision:evaluate_and_execute:45 - SPY: HOLD. Reason: No clear consensus
2026-09-18 13:36:08.780 | DEBUG    | engine.decision:evaluate_and_execute:45 - DOGE-USD: HOLD. Reason: No clear consensus
2026-09-18 13:36:11.167 | DEBUG    | engine.decision:evaluate_and_execute:45 - ETH-USD: HOLD. Reason: No clear consensus
2026-09-18 13:36:13.277 | DEBUG    | engine.decision:evaluate_and_execute:45 - SPY: HOLD. Reason: No clear consensus
2026-09-18 13:36:14.340 | DEBUG    | engine.decision:evaluate_and_execute:45 - DOGE-USD: HOLD. Reason: No clear consensus
2026-09-18 13:36:16.740 | DEBUG    | engine.decision:evaluate_and_execute:45 - ETH-USD: HOLD. Reason: No clear consensus
2026-09-18 13:36:18.811 | DEBUG    | engine.decision:evaluate_and_execute:45 - SPY: HOLD. Reason: No clear consensus
2026-09-18 13:36:19.862 | DEBUG    | engine.decision:evaluate_and_execute:45 - DOGE-USD: HOLD. Reason: No clear consensus
2026-09-18 13:36:22.298 | DEBUG    | engine.decision:evaluate_and_execute:45 - ETH-USD: HOLD. Reason: No clear consensus
2026-09-18 13:36:24.309 | DEBUG    | engine.decision:evaluate_and_execute:45 - SPY: HOLD. Reason: No clear consensus
2026-09-18 13:36:25.687 | DEBUG    | engine.decision:evaluate_and_execute:45 - DOGE-USD: HOLD. Reason: No clear consensus
2026-09-18 13:36:27.941 | DEBUG    | engine.decision:evaluate_and_execute:45 - ETH-USD: HOLD. Reason: No clear consensus
2026-09-18 13:36:29.983 | DEBUG    | engine.decision:evaluate_and_execute:45 - SPY: HOLD. Reason: No clear consensus
2026-09-18 13:36:31.250 | DEBUG    | engine.decision:evaluate_and_execute:45 - DOGE-USD: HOLD. Reason: No clear consensus
2026-09-18 13:36:33.523 | DEBUG    | engine.decision:evaluate_and_execute:45 - ETH-USD: HOLD. Reason: No clear consensus
2026-09-18 13:36:35.500 | DEBUG    | engine.decision:evaluate_and_execute:45 - SPY: HOLD. Reason: No clear consensus
2026-09-18 13:36:37.027 | DEBUG    | engine.decision:evaluate_and_execute:45 - DOGE-USD: HOLD. Reason: No clear consensus
2026-09-18 13:36:39.109 | DEBUG    | engine.decision:evaluate_and_execute:45 - ETH-USD: HOLD. Reason: No clear consensus
2026-09-18 13:36:41.128 | DEBUG    | engine.decision:evaluate_and_execute:45 - SPY: HOLD. Reason: No clear consensus
2026-09-18 13:36:42.596 | DEBUG    | engine.decision:evaluate_and_execute:45 - DOGE-USD: HOLD. Reason: No clear consensus
2026-09-18 13:36:44.669 | DEBUG    | engine.decision:evaluate_and_execute:45 - ETH-USD: HOLD. Reason: No clear consensus
2026-09-18 13:36:46.656 | DEBUG    | engine.decision:evaluate_and_execute:45 - SPY: HOLD. Reason: No clear consensus
2026-09-18 13:36:48.176 | DEBUG    | engine.decision:evaluate_and_execute:45 - DOGE-USD: HOLD. Reason: No clear consensus
2026-09-18 13:36:50.265 | DEBUG    | engine.decision:evaluate_and_execute:45 - ETH-USD: HOLD. Reason: No clear consensus
2026-09-18 13:36:52.252 | DEBUG    | engine.decision:evaluate_and_execute:45 - SPY: HOLD. Reason: No clear consensus
2026-09-18 13:36:53.921 | DEBUG    | engine.decision:evaluate_and_execute:45 - DOGE-USD: HOLD. Reason: No clear consensus
2026-09-18 13:36:55.817 | DEBUG    | engine.decision:evaluate_and_execute:45 - ETH-USD: HOLD. Reason: No clear consensus
2026-09-18 13:36:57.755 | DEBUG    | engine.decision:evaluate_and_execute:45 - SPY: HOLD. Reason: No clear consensus
2026-09-18 13:36:59.616 | DEBUG    | engine.decision:evaluate_and_execute:45 - DOGE-USD: HOLD. Reason: No clear consensus
2026-09-18 13:37:01.556 | DEBUG    | engine.decision:evaluate_and_execute:45 - ETH-USD: HOLD. Reason: No clear consensus
2026-09-18 13:37:03.284 | DEBUG    | engine.decision:evaluate_and_execute:45 - SPY: HOLD. Reason: No clear consensus
2026-09-18 13:37:05.133 | DEBUG    | engine.decision:evaluate_and_execute:45 - DOGE-USD: HOLD. Reason: No clear consensus
2026-09-18 13:37:07.175 | DEBUG    | engine.decision:evaluate_and_execute:45 - ETH-USD: HOLD. Reason: No clear consensus
2026-09-18 13:37:08.778 | DEBUG    | engine.decision:evaluate_and_execute:45 - SPY: HOLD. Reason: No clear consensus
2026-09-18 13:37:10.674 | DEBUG    | engine.decision:evaluate_and_execute:45 - DOGE-USD: HOLD. Reason: No clear consensus
2026-09-18 13:37:12.811 | DEBUG    | engine.decision:evaluate_and_execute:45 - ETH-USD: HOLD. Reason: No clear consensus
2026-09-18 13:37:14.325 | DEBUG    | engine.decision:evaluate_and_execute:45 - SPY: HOLD. Reason: No clear consensus
2026-09-18 13:37:16.171 | DEBUG    | engine.decision:evaluate_and_execute:45 - DOGE-USD: HOLD. Reason: No clear consensus
2026-09-18 13:37:18.323 | DEBUG    | engine.decision:evaluate_and_execute:45 - ETH-USD: HOLD. Reason: No clear consensus
2026-09-18 13:37:19.813 | DEBUG    | engine.decision:evaluate_and_execute:45 - SPY: HOLD. Reason: No clear consensus
2026-09-18 13:37:21.736 | DEBUG    | engine.decision:evaluate_and_execute:45 - DOGE-USD: HOLD. Reason: No clear consensus
2026-09-18 13:37:23.872 | DEBUG    | engine.decision:evaluate_and_execute:45 - ETH-USD: HOLD. Reason: No clear consensus
2026-09-18 13:37:25.340 | DEBUG    | engine.decision:evaluate_and_execute:45 - SPY: HOLD. Reason: No clear consensus
2026-09-18 13:37:27.388 | DEBUG    | engine.decision:evaluate_and_execute:45 - DOGE-USD: HOLD. Reason: No clear consensus
2026-09-18 13:37:29.372 | DEBUG    | engine.decision:evaluate_and_execute:45 - ETH-USD: HOLD. Reason: No clear consensus
2026-09-18 13:37:30.789 | DEBUG    | engine.decision:evaluate_and_execute:45 - SPY: HOLD. Reason: No clear consensus
2026-09-18 13:37:32.923 | DEBUG    | engine.decision:evaluate_and_execute:45 - DOGE-USD: HOLD. Reason: No clear consensus
2026-09-18 13:37:34.949 | DEBUG    | engine.decision:evaluate_and_execute:45 - ETH-USD: HOLD. Reason: No clear consensus
2026-09-18 13:37:36.370 | DEBUG    | engine.decision:evaluate_and_execute:45 - SPY: HOLD. Reason: No clear consensus
2026-09-18 13:37:38.459 | DEBUG    | engine.decision:evaluate_and_execute:45 - DOGE-USD: HOLD. Reason: No clear consensus
2026-09-18 13:37:40.475 | DEBUG    | engine.decision:evaluate_and_execute:45 - ETH-USD: HOLD. Reason: No clear consensus
2026-09-18 13:37:41.865 | DEBUG    | engine.decision:evaluate_and_execute:45 - SPY: HOLD. Reason: No clear consensus
2026-09-18 13:37:44.062 | DEBUG    | engine.decision:evaluate_and_execute:45 - DOGE-USD: HOLD. Reason: No clear consensus
2026-09-18 13:37:46.073 | DEBUG    | engine.decision:evaluate_and_execute:45 - ETH-USD: HOLD. Reason: No clear consensus
2026-09-18 13:37:47.401 | DEBUG    | engine.decision:evaluate_and_execute:45 - SPY: HOLD. Reason: No clear consensus
2026-09-18 13:37:49.575 | DEBUG    | engine.decision:evaluate_and_execute:45 - DOGE-USD: HOLD. Reason: No clear consensus
2026-09-18 13:37:51.615 | DEBUG    | engine.decision:evaluate_and_execute:45 - ETH-USD: HOLD. Reason: No clear consensus
2026-09-18 13:37:52.867 | DEBUG    | engine.decision:evaluate_and_execute:45 - SPY: HOLD. Reason: No clear consensus
2026-09-18 13:37:55.232 | DEBUG    | engine.decision:evaluate_and_execute:45 - DOGE-USD: HOLD. Reason: No clear consensus
2026-09-18 13:37:57.327 | DEBUG    | engine.decision:evaluate_and_execute:45 - ETH-USD: HOLD. Reason: No clear consensus
2026-09-18 13:37:58.458 | DEBUG    | engine.decision:evaluate_and_execute:45 - SPY: HOLD. Reason: No clear consensus
2026-09-18 13:38:00.770 | DEBUG    | engine.decision:evaluate_and_execute:45 - DOGE-USD: HOLD. Reason: No clear consensus
2026-09-18 13:38:03.022 | DEBUG    | engine.decision:evaluate_and_execute:45 - ETH-USD: HOLD. Reason: No clear consensus
2026-09-18 13:38:04.088 | DEBUG    | engine.decision:evaluate_and_execute:45 - SPY: HOLD. Reason: No clear consensus
2026-09-18 13:38:06.551 | DEBUG    | engine.decision:evaluate_and_execute:45 - DOGE-USD: HOLD. Reason: No clear consensus
2026-09-18 13:38:08.654 | DEBUG    | engine.decision:evaluate_and_execute:45 - ETH-USD: HOLD. Reason: No clear consensus
2026-09-18 13:38:09.726 | DEBUG    | engine.decision:evaluate_and_execute:45 - SPY: HOLD. Reason: No clear consensus
2026-09-18 13:38:12.114 | DEBUG    | engine.decision:evaluate_and_execute:45 - DOGE-USD: HOLD. Reason: No clear consensus
2026-09-18 13:38:14.176 | DEBUG    | engine.decision:evaluate_and_execute:72 - ETH-USD: SELL signal ignored (no open position).
2026-09-18 13:38:15.248 | DEBUG    | engine.decision:evaluate_and_execute:45 - SPY: HOLD. Reason: No clear consensus
2026-09-18 13:38:17.699 | DEBUG    | engine.decision:evaluate_and_execute:45 - DOGE-USD: HOLD. Reason: No clear consensus
2026-09-18 13:38:19.764 | DEBUG    | engine.decision:evaluate_and_execute:45 - ETH-USD: HOLD. Reason: No clear consensus
2026-09-18 13:38:20.805 | DEBUG    | engine.decision:evaluate_and_execute:45 - SPY: HOLD. Reason: No clear consensus
2026-09-18 13:38:23.210 | DEBUG    | engine.decision:evaluate_and_execute:45 - DOGE-USD: HOLD. Reason: No clear consensus
2026-09-18 13:38:25.291 | DEBUG    | engine.decision:evaluate_and_execute:45 - ETH-USD: HOLD. Reason: No clear consensus
2026-09-18 13:38:26.515 | DEBUG    | engine.decision:evaluate_and_execute:45 - SPY: HOLD. Reason: No clear consensus
2026-09-18 13:38:28.776 | DEBUG    | engine.decision:evaluate_and_execute:45 - DOGE-USD: HOLD. Reason: No clear consensus
2026-09-18 13:38:30.935 | DEBUG    | engine.decision:evaluate_and_execute:45 - ETH-USD: HOLD. Reason: No clear consensus
2026-09-18 13:38:32.086 | DEBUG    | engine.decision:evaluate_and_execute:45 - SPY: HOLD. Reason: No clear consensus
2026-09-18 13:38:34.603 | DEBUG    | engine.decision:evaluate_and_execute:45 - DOGE-USD: HOLD. Reason: No clear consensus
2026-09-18 13:38:36.432 | DEBUG    | engine.decision:evaluate_and_execute:45 - ETH-USD: HOLD. Reason: No clear consensus
2026-09-18 13:38:37.557 | DEBUG    | engine.decision:evaluate_and_execute:45 - SPY: HOLD. Reason: No clear consensus
2026-09-18 13:38:40.161 | DEBUG    | engine.decision:evaluate_and_execute:45 - DOGE-USD: HOLD. Reason: No clear consensus
2026-09-18 13:38:42.025 | DEBUG    | engine.decision:evaluate_and_execute:45 - ETH-USD: HOLD. Reason: No clear consensus
2026-09-18 13:38:43.106 | DEBUG    | engine.decision:evaluate_and_execute:45 - SPY: HOLD. Reason: No clear consensus
2026-09-18 13:38:45.735 | DEBUG    | engine.decision:evaluate_and_execute:45 - DOGE-USD: HOLD. Reason: No clear consensus
2026-09-18 13:38:47.577 | DEBUG    | engine.decision:evaluate_and_execute:45 - ETH-USD: HOLD. Reason: No clear consensus
2026-09-18 13:38:48.604 | DEBUG    | engine.decision:evaluate_and_execute:45 - SPY: HOLD. Reason: No clear consensus
2026-09-18 13:38:51.295 | DEBUG    | engine.decision:evaluate_and_execute:45 - DOGE-USD: HOLD. Reason: No clear consensus
2026-09-18 13:38:53.169 | DEBUG    | engine.decision:evaluate_and_execute:45 - ETH-USD: HOLD. Reason: No clear consensus
2026-09-18 13:38:54.160 | DEBUG    | engine.decision:evaluate_and_execute:45 - SPY: HOLD. Reason: No clear consensus
2026-09-18 13:38:56.819 | DEBUG    | engine.decision:evaluate_and_execute:45 - DOGE-USD: HOLD. Reason: No clear consensus
2026-09-18 13:38:58.769 | DEBUG    | engine.decision:evaluate_and_execute:45 - ETH-USD: HOLD. Reason: No clear consensus
2026-09-18 13:38:59.696 | DEBUG    | engine.decision:evaluate_and_execute:45 - SPY: HOLD. Reason: No clear consensus
2026-09-18 13:39:02.516 | DEBUG    | engine.decision:evaluate_and_execute:45 - DOGE-USD: HOLD. Reason: No clear consensus
2026-09-18 13:39:04.363 | DEBUG    | engine.decision:evaluate_and_execute:45 - ETH-USD: HOLD. Reason: No clear consensus
2026-09-18 13:39:05.254 | DEBUG    | engine.decision:evaluate_and_execute:45 - SPY: HOLD. Reason: No clear consensus
2026-09-18 13:39:08.041 | DEBUG    | engine.decision:evaluate_and_execute:45 - DOGE-USD: HOLD. Reason: No clear consensus
2026-09-18 13:39:09.898 | DEBUG    | engine.decision:evaluate_and_execute:45 - ETH-USD: HOLD. Reason: No clear consensus
2026-09-18 13:39:10.755 | DEBUG    | engine.decision:evaluate_and_execute:45 - SPY: HOLD. Reason: No clear consensus
2026-09-18 13:39:13.683 | DEBUG    | engine.decision:evaluate_and_execute:45 - DOGE-USD: HOLD. Reason: No clear consensus
2026-09-18 13:39:15.593 | DEBUG    | engine.decision:evaluate_and_execute:45 - ETH-USD: HOLD. Reason: No clear consensus
2026-09-18 13:39:16.350 | DEBUG    | engine.decision:evaluate_and_execute:45 - SPY: HOLD. Reason: No clear consensus
2026-09-18 13:39:19.190 | DEBUG    | engine.decision:evaluate_and_execute:45 - DOGE-USD: HOLD. Reason: No clear consensus
2026-09-18 13:39:21.122 | DEBUG    | engine.decision:evaluate_and_execute:45 - ETH-USD: HOLD. Reason: No clear consensus
2026-09-18 13:39:21.871 | DEBUG    | engine.decision:evaluate_and_execute:45 - SPY: HOLD. Reason: No clear consensus
2026-09-18 13:39:24.736 | DEBUG    | engine.decision:evaluate_and_execute:45 - DOGE-USD: HOLD. Reason: No clear consensus
2026-09-18 13:39:26.765 | DEBUG    | engine.decision:evaluate_and_execute:45 - ETH-USD: HOLD. Reason: No clear consensus
2026-09-18 13:39:27.476 | DEBUG    | engine.decision:evaluate_and_execute:45 - SPY: HOLD. Reason: No clear consensus
2026-09-18 13:39:30.242 | DEBUG    | engine.decision:evaluate_and_execute:45 - DOGE-USD: HOLD. Reason: No clear consensus
2026-09-18 13:39:32.260 | DEBUG    | engine.decision:evaluate_and_execute:45 - ETH-USD: HOLD. Reason: No clear consensus
2026-09-18 13:39:32.955 | DEBUG    | engine.decision:evaluate_and_execute:45 - SPY: HOLD. Reason: No clear consensus
2026-09-18 13:39:35.899 | DEBUG    | engine.decision:evaluate_and_execute:45 - DOGE-USD: HOLD. Reason: No clear consensus
2026-09-18 13:39:37.905 | DEBUG    | engine.decision:evaluate_and_execute:45 - ETH-USD: HOLD. Reason: No clear consensus
2026-09-18 13:39:38.886 | DEBUG    | engine.decision:evaluate_and_execute:45 - SPY: HOLD. Reason: No clear consensus
2026-09-18 13:39:41.557 | DEBUG    | engine.decision:evaluate_and_execute:45 - DOGE-USD: HOLD. Reason: No clear consensus
2026-09-18 13:39:43.720 | DEBUG    | engine.decision:evaluate_and_execute:45 - ETH-USD: HOLD. Reason: No clear consensus
2026-09-18 13:39:44.376 | DEBUG    | engine.decision:evaluate_and_execute:45 - SPY: HOLD. Reason: No clear consensus
2026-09-18 13:39:47.186 | DEBUG    | engine.decision:evaluate_and_execute:45 - DOGE-USD: HOLD. Reason: No clear consensus
2026-09-18 13:39:49.272 | DEBUG    | engine.decision:evaluate_and_execute:45 - ETH-USD: HOLD. Reason: No clear consensus
2026-09-18 13:39:49.970 | DEBUG    | engine.decision:evaluate_and_execute:45 - SPY: HOLD. Reason: No clear consensus
2026-09-18 13:39:52.741 | DEBUG    | engine.decision:evaluate_and_execute:45 - DOGE-USD: HOLD. Reason: No clear consensus
2026-09-18 13:39:54.802 | DEBUG    | engine.decision:evaluate_and_execute:45 - ETH-USD: HOLD. Reason: No clear consensus
2026-09-18 13:39:55.523 | DEBUG    | engine.decision:evaluate_and_execute:45 - SPY: HOLD. Reason: No clear consensus
2026-09-18 13:39:58.337 | DEBUG    | engine.decision:evaluate_and_execute:45 - DOGE-USD: HOLD. Reason: No clear consensus
2026-09-18 13:40:00.422 | DEBUG    | engine.decision:evaluate_and_execute:45 - ETH-USD: HOLD. Reason: No clear consensus
2026-09-18 13:40:01.124 | DEBUG    | engine.decision:evaluate_and_execute:45 - SPY: HOLD. Reason: No clear consensus
2026-09-18 13:40:03.835 | DEBUG    | engine.decision:evaluate_and_execute:45 - DOGE-USD: HOLD. Reason: No clear consensus
2026-09-18 13:40:05.939 | DEBUG    | engine.decision:evaluate_and_execute:45 - ETH-USD: HOLD. Reason: No clear consensus
2026-09-18 13:40:06.614 | DEBUG    | engine.decision:evaluate_and_execute:45 - SPY: HOLD. Reason: No clear consensus
2026-09-18 13:40:09.476 | DEBUG    | engine.decision:evaluate_and_execute:45 - DOGE-USD: HOLD. Reason: No clear consensus
2026-09-18 13:40:11.548 | DEBUG    | engine.decision:evaluate_and_execute:45 - ETH-USD: HOLD. Reason: No clear consensus
2026-09-18 13:40:12.321 | DEBUG    | engine.decision:evaluate_and_execute:45 - SPY: HOLD. Reason: No clear consensus
2026-09-18 13:40:14.975 | DEBUG    | engine.decision:evaluate_and_execute:45 - DOGE-USD: HOLD. Reason: No clear consensus
2026-09-18 13:40:17.034 | DEBUG    | engine.decision:evaluate_and_execute:45 - ETH-USD: HOLD. Reason: No clear consensus
2026-09-18 13:40:17.875 | DEBUG    | engine.decision:evaluate_and_execute:45 - SPY: HOLD. Reason: No clear consensus
2026-09-18 13:40:20.568 | DEBUG    | engine.decision:evaluate_and_execute:45 - DOGE-USD: HOLD. Reason: No clear consensus
2026-09-18 13:40:22.580 | DEBUG    | engine.decision:evaluate_and_execute:45 - ETH-USD: HOLD. Reason: No clear consensus
2026-09-18 13:40:23.486 | DEBUG    | engine.decision:evaluate_and_execute:45 - SPY: HOLD. Reason: No clear consensus
2026-09-18 13:40:26.053 | DEBUG    | engine.decision:evaluate_and_execute:45 - DOGE-USD: HOLD. Reason: No clear consensus
2026-09-18 13:40:28.078 | DEBUG    | engine.decision:evaluate_and_execute:45 - ETH-USD: HOLD. Reason: No clear consensus
2026-09-18 13:40:29.061 | DEBUG    | engine.decision:evaluate_and_execute:45 - SPY: HOLD. Reason: No clear consensus
2026-09-18 13:40:31.616 | DEBUG    | engine.decision:evaluate_and_execute:45 - DOGE-USD: HOLD. Reason: No clear consensus
2026-09-18 13:40:33.764 | DEBUG    | engine.decision:evaluate_and_execute:45 - ETH-USD: HOLD. Reason: No clear consensus
2026-09-18 13:40:34.658 | DEBUG    | engine.decision:evaluate_and_execute:45 - SPY: HOLD. Reason: No clear consensus
2026-09-18 13:40:37.112 | DEBUG    | engine.decision:evaluate_and_execute:45 - DOGE-USD: HOLD. Reason: No clear consensus
2026-09-18 13:40:39.237 | DEBUG    | engine.decision:evaluate_and_execute:45 - ETH-USD: HOLD. Reason: No clear consensus
2026-09-18 13:40:40.143 | DEBUG    | engine.decision:evaluate_and_execute:45 - SPY: HOLD. Reason: No clear consensus
2026-09-18 13:40:42.763 | DEBUG    | engine.decision:evaluate_and_execute:45 - DOGE-USD: HOLD. Reason: No clear consensus
2026-09-18 13:40:44.800 | DEBUG    | engine.decision:evaluate_and_execute:45 - ETH-USD: HOLD. Reason: No clear consensus
2026-09-18 13:40:45.723 | DEBUG    | engine.decision:evaluate_and_execute:45 - SPY: HOLD. Reason: No clear consensus
2026-09-18 13:40:48.280 | DEBUG    | engine.decision:evaluate_and_execute:45 - DOGE-USD: HOLD. Reason: No clear consensus
2026-09-18 13:40:50.289 | DEBUG    | engine.decision:evaluate_and_execute:45 - ETH-USD: HOLD. Reason: No clear consensus
2026-09-18 13:40:51.299 | DEBUG    | engine.decision:evaluate_and_execute:45 - SPY: HOLD. Reason: No clear consensus
2026-09-18 13:40:53.855 | DEBUG    | engine.decision:evaluate_and_execute:45 - DOGE-USD: HOLD. Reason: No clear consensus
2026-09-18 13:40:55.834 | DEBUG    | engine.decision:evaluate_and_execute:45 - ETH-USD: HOLD. Reason: No clear consensus
2026-09-18 13:40:56.882 | DEBUG    | engine.decision:evaluate_and_execute:45 - SPY: HOLD. Reason: No clear consensus
2026-09-18 13:40:59.801 | WARNING  | engine.filter:is_viable:46 - Trade DOGE-USD rejected: Expected Net Return (-0.01%) < Min required (0.50%)
2026-09-18 13:40:59.910 | WARNING  | engine.filter:is_viable:46 - Trade DOGE-USD rejected: Expected Net Return (-0.01%) < Min required (0.50%)
2026-09-18 13:40:59.910 | WARNING  | engine.decision:evaluate_and_execute:58 - DOGE-USD: Trade is not viable due to costs/low expected return.
2026-09-18 13:41:01.349 | DEBUG    | engine.decision:evaluate_and_execute:45 - ETH-USD: HOLD. Reason: No clear consensus
2026-09-18 13:41:02.430 | DEBUG    | engine.decision:evaluate_and_execute:45 - SPY: HOLD. Reason: No clear consensus
2026-09-18 13:41:05.499 | DEBUG    | engine.decision:evaluate_and_execute:45 - DOGE-USD: HOLD. Reason: No clear consensus
2026-09-18 13:41:06.940 | DEBUG    | engine.decision:evaluate_and_execute:45 - ETH-USD: HOLD. Reason: No clear consensus
2026-09-18 13:41:08.064 | DEBUG    | engine.decision:evaluate_and_execute:45 - SPY: HOLD. Reason: No clear consensus
2026-09-18 13:41:10.996 | DEBUG    | engine.decision:evaluate_and_execute:45 - DOGE-USD: HOLD. Reason: No clear consensus
2026-09-18 13:41:12.454 | DEBUG    | engine.decision:evaluate_and_execute:45 - ETH-USD: HOLD. Reason: No clear consensus
2026-09-18 13:41:13.572 | DEBUG    | engine.decision:evaluate_and_execute:45 - SPY: HOLD. Reason: No clear consensus
2026-09-18 13:41:16.600 | DEBUG    | engine.decision:evaluate_and_execute:45 - DOGE-USD: HOLD. Reason: No clear consensus
2026-09-18 13:41:18.098 | DEBUG    | engine.decision:evaluate_and_execute:45 - ETH-USD: HOLD. Reason: No clear consensus
2026-09-18 13:41:19.121 | DEBUG    | engine.decision:evaluate_and_execute:45 - SPY: HOLD. Reason: No clear consensus
2026-09-18 13:41:22.261 | DEBUG    | engine.decision:evaluate_and_execute:45 - DOGE-USD: HOLD. Reason: No clear consensus
2026-09-18 13:41:23.587 | DEBUG    | engine.decision:evaluate_and_execute:45 - ETH-USD: HOLD. Reason: No clear consensus
2026-09-18 13:41:24.611 | DEBUG    | engine.decision:evaluate_and_execute:45 - SPY: HOLD. Reason: No clear consensus
2026-09-18 13:41:27.929 | DEBUG    | engine.decision:evaluate_and_execute:45 - DOGE-USD: HOLD. Reason: No clear consensus
2026-09-18 13:41:29.190 | DEBUG    | engine.decision:evaluate_and_execute:45 - ETH-USD: HOLD. Reason: No clear consensus
2026-09-18 13:41:30.248 | DEBUG    | engine.decision:evaluate_and_execute:45 - SPY: HOLD. Reason: No clear consensus
2026-09-18 13:41:33.497 | DEBUG    | engine.decision:evaluate_and_execute:45 - DOGE-USD: HOLD. Reason: No clear consensus
2026-09-18 13:41:34.701 | DEBUG    | engine.decision:evaluate_and_execute:45 - ETH-USD: HOLD. Reason: No clear consensus
2026-09-18 13:41:35.767 | DEBUG    | engine.decision:evaluate_and_execute:45 - SPY: HOLD. Reason: No clear consensus
2026-09-18 13:41:39.149 | DEBUG    | engine.decision:evaluate_and_execute:45 - DOGE-USD: HOLD. Reason: No clear consensus
2026-09-18 13:41:40.373 | DEBUG    | engine.decision:evaluate_and_execute:45 - ETH-USD: HOLD. Reason: No clear consensus
2026-09-18 13:41:41.440 | DEBUG    | engine.decision:evaluate_and_execute:45 - SPY: HOLD. Reason: No clear consensus
2026-09-18 13:41:50.616 | DEBUG    | engine.decision:evaluate_and_execute:45 - SPY: HOLD. Reason: No clear consensus
2026-09-18 13:41:54.622 | DEBUG    | engine.decision:evaluate_and_execute:45 - ETH-USD: HOLD. Reason: No clear consensus
2026-09-18 13:41:56.070 | DEBUG    | engine.decision:evaluate_and_execute:45 - SPY: HOLD. Reason: No clear consensus
2026-09-18 13:41:57.742 | DEBUG    | engine.decision:evaluate_and_execute:45 - DOGE-USD: HOLD. Reason: No clear consensus
2026-09-18 13:42:00.008 | DEBUG    | engine.decision:evaluate_and_execute:45 - ETH-USD: HOLD. Reason: No clear consensus
2026-09-18 13:42:01.556 | DEBUG    | engine.decision:evaluate_and_execute:45 - SPY: HOLD. Reason: No clear consensus
2026-09-18 13:42:03.123 | DEBUG    | engine.decision:evaluate_and_execute:45 - DOGE-USD: HOLD. Reason: No clear consensus
2026-09-18 13:42:05.560 | DEBUG    | engine.decision:evaluate_and_execute:45 - ETH-USD: HOLD. Reason: No clear consensus
2026-09-18 13:42:07.104 | DEBUG    | engine.decision:evaluate_and_execute:45 - SPY: HOLD. Reason: No clear consensus
2026-09-18 13:42:08.722 | DEBUG    | engine.decision:evaluate_and_execute:45 - DOGE-USD: HOLD. Reason: No clear consensus
2026-09-18 13:42:11.115 | DEBUG    | engine.decision:evaluate_and_execute:72 - ETH-USD: SELL signal ignored (no open position).
2026-09-18 13:42:12.598 | DEBUG    | engine.decision:evaluate_and_execute:45 - SPY: HOLD. Reason: No clear consensus
2026-09-18 13:42:14.259 | DEBUG    | engine.decision:evaluate_and_execute:45 - DOGE-USD: HOLD. Reason: No clear consensus
2026-09-18 13:42:16.699 | DEBUG    | engine.decision:evaluate_and_execute:45 - ETH-USD: HOLD. Reason: No clear consensus
2026-09-18 13:42:18.133 | DEBUG    | engine.decision:evaluate_and_execute:45 - SPY: HOLD. Reason: No clear consensus
2026-09-18 13:42:19.822 | DEBUG    | engine.decision:evaluate_and_execute:45 - DOGE-USD: HOLD. Reason: No clear consensus
2026-09-18 13:42:22.288 | DEBUG    | engine.decision:evaluate_and_execute:45 - ETH-USD: HOLD. Reason: No clear consensus
2026-09-18 13:42:23.639 | DEBUG    | engine.decision:evaluate_and_execute:45 - SPY: HOLD. Reason: No clear consensus
2026-09-18 13:42:25.489 | DEBUG    | engine.decision:evaluate_and_execute:45 - DOGE-USD: HOLD. Reason: No clear consensus
2026-09-18 13:42:28.011 | DEBUG    | engine.decision:evaluate_and_execute:45 - ETH-USD: HOLD. Reason: No clear consensus
2026-09-18 13:42:29.164 | DEBUG    | engine.decision:evaluate_and_execute:45 - SPY: HOLD. Reason: No clear consensus
2026-09-18 13:42:31.044 | DEBUG    | engine.decision:evaluate_and_execute:45 - DOGE-USD: HOLD. Reason: No clear consensus
2026-09-18 13:42:33.527 | DEBUG    | engine.decision:evaluate_and_execute:45 - ETH-USD: HOLD. Reason: No clear consensus
2026-09-18 13:42:34.630 | DEBUG    | engine.decision:evaluate_and_execute:45 - SPY: HOLD. Reason: No clear consensus
2026-09-18 13:42:36.628 | DEBUG    | engine.decision:evaluate_and_execute:45 - DOGE-USD: HOLD. Reason: No clear consensus
2026-09-18 13:42:39.074 | DEBUG    | engine.decision:evaluate_and_execute:45 - ETH-USD: HOLD. Reason: No clear consensus
2026-09-18 13:42:40.166 | DEBUG    | engine.decision:evaluate_and_execute:45 - SPY: HOLD. Reason: No clear consensus
2026-09-18 13:42:42.233 | DEBUG    | engine.decision:evaluate_and_execute:45 - DOGE-USD: HOLD. Reason: No clear consensus
2026-09-18 13:42:44.558 | DEBUG    | engine.decision:evaluate_and_execute:45 - ETH-USD: HOLD. Reason: No clear consensus
2026-09-18 13:42:45.638 | DEBUG    | engine.decision:evaluate_and_execute:45 - SPY: HOLD. Reason: No clear consensus
2026-09-18 13:42:47.817 | DEBUG    | engine.decision:evaluate_and_execute:45 - DOGE-USD: HOLD. Reason: No clear consensus
2026-09-18 13:42:50.113 | DEBUG    | engine.decision:evaluate_and_execute:45 - ETH-USD: HOLD. Reason: No clear consensus
2026-09-18 13:42:51.222 | DEBUG    | engine.decision:evaluate_and_execute:45 - SPY: HOLD. Reason: No clear consensus
2026-09-18 13:42:53.385 | DEBUG    | engine.decision:evaluate_and_execute:45 - DOGE-USD: HOLD. Reason: No clear consensus
2026-09-18 13:42:55.634 | DEBUG    | engine.decision:evaluate_and_execute:45 - ETH-USD: HOLD. Reason: No clear consensus
2026-09-18 13:42:56.755 | DEBUG    | engine.decision:evaluate_and_execute:45 - SPY: HOLD. Reason: No clear consensus
2026-09-18 13:42:58.932 | DEBUG    | engine.decision:evaluate_and_execute:45 - DOGE-USD: HOLD. Reason: No clear consensus
2026-09-18 13:43:01.262 | DEBUG    | engine.decision:evaluate_and_execute:45 - ETH-USD: HOLD. Reason: No clear consensus
2026-09-18 13:43:02.447 | DEBUG    | engine.decision:evaluate_and_execute:45 - SPY: HOLD. Reason: No clear consensus
2026-09-18 13:43:04.537 | DEBUG    | engine.decision:evaluate_and_execute:45 - DOGE-USD: HOLD. Reason: No clear consensus
2026-09-18 13:43:06.789 | DEBUG    | engine.decision:evaluate_and_execute:45 - ETH-USD: HOLD. Reason: No clear consensus
2026-09-18 13:43:07.906 | DEBUG    | engine.decision:evaluate_and_execute:45 - SPY: HOLD. Reason: No clear consensus
2026-09-18 13:43:10.043 | DEBUG    | engine.decision:evaluate_and_execute:45 - DOGE-USD: HOLD. Reason: No clear consensus
2026-09-18 13:43:12.381 | DEBUG    | engine.decision:evaluate_and_execute:45 - ETH-USD: HOLD. Reason: No clear consensus
2026-09-18 13:43:13.518 | DEBUG    | engine.decision:evaluate_and_execute:45 - SPY: HOLD. Reason: No clear consensus
2026-09-18 13:43:15.709 | DEBUG    | engine.decision:evaluate_and_execute:45 - DOGE-USD: HOLD. Reason: No clear consensus
2026-09-18 13:43:17.897 | DEBUG    | engine.decision:evaluate_and_execute:45 - ETH-USD: HOLD. Reason: No clear consensus
2026-09-18 13:43:19.013 | DEBUG    | engine.decision:evaluate_and_execute:45 - SPY: HOLD. Reason: No clear consensus
2026-09-18 13:43:21.258 | DEBUG    | engine.decision:evaluate_and_execute:45 - DOGE-USD: HOLD. Reason: No clear consensus
2026-09-18 13:43:23.454 | DEBUG    | engine.decision:evaluate_and_execute:45 - ETH-USD: HOLD. Reason: No clear consensus
2026-09-18 13:43:24.553 | DEBUG    | engine.decision:evaluate_and_execute:45 - SPY: HOLD. Reason: No clear consensus
2026-09-18 13:43:26.824 | DEBUG    | engine.decision:evaluate_and_execute:45 - DOGE-USD: HOLD. Reason: No clear consensus
2026-09-18 13:43:29.204 | DEBUG    | engine.decision:evaluate_and_execute:45 - ETH-USD: HOLD. Reason: No clear consensus
2026-09-18 13:43:30.079 | DEBUG    | engine.decision:evaluate_and_execute:45 - SPY: HOLD. Reason: No clear consensus
2026-09-18 13:43:32.419 | DEBUG    | engine.decision:evaluate_and_execute:45 - DOGE-USD: HOLD. Reason: No clear consensus
2026-09-18 13:43:34.778 | DEBUG    | engine.decision:evaluate_and_execute:45 - ETH-USD: HOLD. Reason: No clear consensus
2026-09-18 13:43:35.658 | DEBUG    | engine.decision:evaluate_and_execute:45 - SPY: HOLD. Reason: No clear consensus
2026-09-18 13:43:38.005 | DEBUG    | engine.decision:evaluate_and_execute:45 - DOGE-USD: HOLD. Reason: No clear consensus
2026-09-18 13:43:40.301 | DEBUG    | engine.decision:evaluate_and_execute:45 - ETH-USD: HOLD. Reason: No clear consensus
2026-09-18 13:43:41.148 | DEBUG    | engine.decision:evaluate_and_execute:45 - SPY: HOLD. Reason: No clear consensus
2026-09-18 13:43:44.176 | WARNING  | engine.filter:is_viable:46 - Trade DOGE-USD rejected: Expected Net Return (0.01%) < Min required (0.50%)
2026-09-18 13:43:44.316 | WARNING  | engine.filter:is_viable:46 - Trade DOGE-USD rejected: Expected Net Return (0.01%) < Min required (0.50%)
2026-09-18 13:43:44.317 | WARNING  | engine.decision:evaluate_and_execute:58 - DOGE-USD: Trade is not viable due to costs/low expected return.
2026-09-18 13:43:46.152 | DEBUG    | engine.decision:evaluate_and_execute:45 - ETH-USD: HOLD. Reason: No clear consensus
2026-09-18 13:43:46.697 | DEBUG    | engine.decision:evaluate_and_execute:45 - SPY: HOLD. Reason: No clear consensus
2026-09-18 13:43:49.897 | DEBUG    | engine.decision:evaluate_and_execute:45 - DOGE-USD: HOLD. Reason: No clear consensus
2026-09-18 13:43:51.668 | DEBUG    | engine.decision:evaluate_and_execute:45 - ETH-USD: HOLD. Reason: No clear consensus
2026-09-18 13:43:52.201 | DEBUG    | engine.decision:evaluate_and_execute:45 - SPY: HOLD. Reason: No clear consensus
2026-09-18 13:43:55.417 | DEBUG    | engine.decision:evaluate_and_execute:45 - DOGE-USD: HOLD. Reason: No clear consensus
2026-09-18 13:43:57.238 | DEBUG    | engine.decision:evaluate_and_execute:45 - ETH-USD: HOLD. Reason: No clear consensus
2026-09-18 13:43:57.789 | DEBUG    | engine.decision:evaluate_and_execute:45 - SPY: HOLD. Reason: No clear consensus
2026-09-18 13:44:01.014 | DEBUG    | engine.decision:evaluate_and_execute:45 - DOGE-USD: HOLD. Reason: No clear consensus
2026-09-18 13:44:02.860 | DEBUG    | engine.decision:evaluate_and_execute:45 - ETH-USD: HOLD. Reason: No clear consensus
2026-09-18 13:44:03.405 | DEBUG    | engine.decision:evaluate_and_execute:45 - SPY: HOLD. Reason: No clear consensus
2026-09-18 13:44:06.616 | DEBUG    | engine.decision:evaluate_and_execute:45 - DOGE-USD: HOLD. Reason: No clear consensus
2026-09-18 13:44:08.629 | DEBUG    | engine.decision:evaluate_and_execute:45 - ETH-USD: HOLD. Reason: No clear consensus
2026-09-18 13:44:09.174 | DEBUG    | engine.decision:evaluate_and_execute:45 - SPY: HOLD. Reason: No clear consensus
2026-09-18 13:44:12.329 | DEBUG    | engine.decision:evaluate_and_execute:45 - DOGE-USD: HOLD. Reason: No clear consensus
2026-09-18 13:44:14.290 | DEBUG    | engine.decision:evaluate_and_execute:45 - ETH-USD: HOLD. Reason: No clear consensus
2026-09-18 13:44:14.741 | DEBUG    | engine.decision:evaluate_and_execute:45 - SPY: HOLD. Reason: No clear consensus
2026-09-18 13:44:18.094 | DEBUG    | engine.decision:evaluate_and_execute:45 - DOGE-USD: HOLD. Reason: No clear consensus
2026-09-18 13:44:19.950 | DEBUG    | engine.decision:evaluate_and_execute:45 - ETH-USD: HOLD. Reason: No clear consensus
2026-09-18 13:44:20.473 | DEBUG    | engine.decision:evaluate_and_execute:45 - SPY: HOLD. Reason: No clear consensus
2026-09-18 13:44:23.669 | DEBUG    | engine.decision:evaluate_and_execute:45 - DOGE-USD: HOLD. Reason: No clear consensus
2026-09-18 13:44:25.587 | DEBUG    | engine.decision:evaluate_and_execute:45 - ETH-USD: HOLD. Reason: No clear consensus
2026-09-18 13:44:26.039 | DEBUG    | engine.decision:evaluate_and_execute:45 - SPY: HOLD. Reason: No clear consensus
2026-09-18 13:44:29.187 | DEBUG    | engine.decision:evaluate_and_execute:45 - DOGE-USD: HOLD. Reason: No clear consensus
2026-09-18 13:44:31.268 | DEBUG    | engine.decision:evaluate_and_execute:45 - ETH-USD: HOLD. Reason: No clear consensus
2026-09-18 13:44:31.740 | DEBUG    | engine.decision:evaluate_and_execute:45 - SPY: HOLD. Reason: No clear consensus
2026-09-18 13:44:34.774 | DEBUG    | engine.decision:evaluate_and_execute:45 - DOGE-USD: HOLD. Reason: No clear consensus
2026-09-18 13:44:36.917 | DEBUG    | engine.decision:evaluate_and_execute:45 - ETH-USD: HOLD. Reason: No clear consensus
2026-09-18 13:44:37.385 | DEBUG    | engine.decision:evaluate_and_execute:45 - SPY: HOLD. Reason: No clear consensus
2026-09-18 13:44:40.286 | DEBUG    | engine.decision:evaluate_and_execute:45 - DOGE-USD: HOLD. Reason: No clear consensus
2026-09-18 13:44:42.899 | DEBUG    | engine.decision:evaluate_and_execute:45 - SPY: HOLD. Reason: No clear consensus
2026-09-18 13:44:42.998 | WARNING  | engine.filter:is_viable:46 - Trade ETH-USD rejected: Expected Net Return (-0.01%) < Min required (0.50%)
2026-09-18 13:44:43.306 | WARNING  | engine.filter:is_viable:46 - Trade ETH-USD rejected: Expected Net Return (-0.01%) < Min required (0.50%)
2026-09-18 13:44:43.306 | WARNING  | engine.decision:evaluate_and_execute:58 - ETH-USD: Trade is not viable due to costs/low expected return.
2026-09-18 13:44:46.060 | DEBUG    | engine.decision:evaluate_and_execute:45 - DOGE-USD: HOLD. Reason: No clear consensus
2026-09-18 13:44:48.466 | DEBUG    | engine.decision:evaluate_and_execute:45 - SPY: HOLD. Reason: No clear consensus
2026-09-18 13:44:48.954 | DEBUG    | engine.decision:evaluate_and_execute:45 - ETH-USD: HOLD. Reason: No clear consensus
2026-09-18 13:44:51.580 | DEBUG    | engine.decision:evaluate_and_execute:45 - DOGE-USD: HOLD. Reason: No clear consensus
2026-09-18 13:44:54.439 | DEBUG    | engine.decision:evaluate_and_execute:45 - SPY: HOLD. Reason: No clear consensus
2026-09-18 13:45:04.983 | DEBUG    | engine.decision:evaluate_and_execute:45 - ETH-USD: HOLD. Reason: No clear consensus
2026-09-18 13:45:09.874 | DEBUG    | engine.decision:evaluate_and_execute:45 - DOGE-USD: HOLD. Reason: No clear consensus
2026-09-18 13:45:14.646 | DEBUG    | engine.decision:evaluate_and_execute:45 - SPY: HOLD. Reason: No clear consensus
2026-09-18 13:45:15.452 | DEBUG    | engine.decision:evaluate_and_execute:45 - ETH-USD: HOLD. Reason: No clear consensus
2026-09-18 13:45:15.468 | DEBUG    | engine.decision:evaluate_and_execute:45 - DOGE-USD: HOLD. Reason: No clear consensus
2026-09-18 13:45:20.154 | DEBUG    | engine.decision:evaluate_and_execute:45 - SPY: HOLD. Reason: No clear consensus
2026-09-18 13:45:21.244 | DEBUG    | engine.decision:evaluate_and_execute:45 - ETH-USD: HOLD. Reason: No clear consensus
2026-09-18 13:45:21.522 | DEBUG    | engine.decision:evaluate_and_execute:45 - DOGE-USD: HOLD. Reason: No clear consensus
2026-09-18 13:45:25.640 | DEBUG    | engine.decision:evaluate_and_execute:45 - SPY: HOLD. Reason: No clear consensus
2026-09-18 13:45:27.012 | DEBUG    | engine.decision:evaluate_and_execute:45 - ETH-USD: HOLD. Reason: No clear consensus
2026-09-18 13:45:27.255 | DEBUG    | engine.decision:evaluate_and_execute:45 - DOGE-USD: HOLD. Reason: No clear consensus
2026-09-18 13:45:31.158 | DEBUG    | engine.decision:evaluate_and_execute:45 - SPY: HOLD. Reason: No clear consensus
2026-09-18 13:45:32.698 | DEBUG    | engine.decision:evaluate_and_execute:45 - ETH-USD: HOLD. Reason: No clear consensus
2026-09-18 13:45:33.077 | DEBUG    | engine.decision:evaluate_and_execute:45 - DOGE-USD: HOLD. Reason: No clear consensus
2026-09-18 13:45:36.639 | DEBUG    | engine.decision:evaluate_and_execute:45 - SPY: HOLD. Reason: No clear consensus
2026-09-18 13:45:38.289 | DEBUG    | engine.decision:evaluate_and_execute:45 - ETH-USD: HOLD. Reason: No clear consensus
2026-09-18 13:45:38.763 | DEBUG    | engine.decision:evaluate_and_execute:45 - DOGE-USD: HOLD. Reason: No clear consensus
2026-09-18 13:45:42.143 | DEBUG    | engine.decision:evaluate_and_execute:45 - SPY: HOLD. Reason: No clear consensus
2026-09-18 13:45:44.249 | DEBUG    | engine.decision:evaluate_and_execute:45 - ETH-USD: HOLD. Reason: No clear consensus
2026-09-18 13:45:44.338 | DEBUG    | engine.decision:evaluate_and_execute:45 - DOGE-USD: HOLD. Reason: No clear consensus
2026-09-18 13:45:47.633 | DEBUG    | engine.decision:evaluate_and_execute:45 - SPY: HOLD. Reason: No clear consensus
2026-09-18 13:45:50.065 | DEBUG    | engine.decision:evaluate_and_execute:45 - DOGE-USD: HOLD. Reason: No clear consensus
2026-09-18 13:45:50.075 | DEBUG    | engine.decision:evaluate_and_execute:45 - ETH-USD: HOLD. Reason: No clear consensus
2026-09-18 13:45:53.147 | DEBUG    | engine.decision:evaluate_and_execute:45 - SPY: HOLD. Reason: No clear consensus
2026-09-18 13:45:55.809 | DEBUG    | engine.decision:evaluate_and_execute:45 - ETH-USD: HOLD. Reason: No clear consensus
2026-09-18 13:45:56.037 | DEBUG    | engine.decision:evaluate_and_execute:45 - DOGE-USD: HOLD. Reason: No clear consensus
2026-09-18 13:45:58.614 | DEBUG    | engine.decision:evaluate_and_execute:45 - SPY: HOLD. Reason: No clear consensus
2026-09-18 13:46:01.647 | DEBUG    | engine.decision:evaluate_and_execute:45 - ETH-USD: HOLD. Reason: No clear consensus
2026-09-18 13:46:01.658 | DEBUG    | engine.decision:evaluate_and_execute:45 - DOGE-USD: HOLD. Reason: No clear consensus
2026-09-18 13:46:04.142 | DEBUG    | engine.decision:evaluate_and_execute:45 - SPY: HOLD. Reason: No clear consensus
2026-09-18 13:46:07.444 | DEBUG    | engine.decision:evaluate_and_execute:45 - ETH-USD: HOLD. Reason: No clear consensus
2026-09-18 13:46:07.521 | DEBUG    | engine.decision:evaluate_and_execute:45 - DOGE-USD: HOLD. Reason: No clear consensus
2026-09-18 13:46:09.603 | DEBUG    | engine.decision:evaluate_and_execute:45 - SPY: HOLD. Reason: No clear consensus
2026-09-18 13:46:13.285 | DEBUG    | engine.decision:evaluate_and_execute:45 - ETH-USD: HOLD. Reason: No clear consensus
2026-09-18 13:46:13.302 | DEBUG    | engine.decision:evaluate_and_execute:45 - DOGE-USD: HOLD. Reason: No clear consensus
2026-09-18 13:46:15.146 | DEBUG    | engine.decision:evaluate_and_execute:45 - SPY: HOLD. Reason: No clear consensus
2026-09-18 13:46:19.082 | DEBUG    | engine.decision:evaluate_and_execute:45 - ETH-USD: HOLD. Reason: No clear consensus
2026-09-18 13:46:19.323 | DEBUG    | engine.decision:evaluate_and_execute:45 - DOGE-USD: HOLD. Reason: No clear consensus
2026-09-18 13:46:20.618 | DEBUG    | engine.decision:evaluate_and_execute:45 - SPY: HOLD. Reason: No clear consensus
2026-09-18 13:46:24.660 | DEBUG    | engine.decision:evaluate_and_execute:45 - ETH-USD: HOLD. Reason: No clear consensus
2026-09-18 13:46:25.136 | DEBUG    | engine.decision:evaluate_and_execute:45 - DOGE-USD: HOLD. Reason: No clear consensus
2026-09-18 13:46:26.202 | DEBUG    | engine.decision:evaluate_and_execute:45 - SPY: HOLD. Reason: No clear consensus
2026-09-18 13:46:30.330 | DEBUG    | engine.decision:evaluate_and_execute:45 - ETH-USD: HOLD. Reason: No clear consensus
2026-09-18 13:46:30.858 | DEBUG    | engine.decision:evaluate_and_execute:45 - DOGE-USD: HOLD. Reason: No clear consensus
2026-09-18 13:46:31.661 | DEBUG    | engine.decision:evaluate_and_execute:45 - SPY: HOLD. Reason: No clear consensus
2026-09-18 13:46:36.235 | DEBUG    | engine.decision:evaluate_and_execute:45 - ETH-USD: HOLD. Reason: No clear consensus
2026-09-18 13:46:36.617 | DEBUG    | engine.decision:evaluate_and_execute:45 - DOGE-USD: HOLD. Reason: No clear consensus
2026-09-18 13:46:37.263 | DEBUG    | engine.decision:evaluate_and_execute:45 - SPY: HOLD. Reason: No clear consensus
2026-09-18 13:46:41.849 | DEBUG    | engine.decision:evaluate_and_execute:72 - ETH-USD: SELL signal ignored (no open position).
2026-09-18 13:46:42.329 | DEBUG    | engine.decision:evaluate_and_execute:45 - DOGE-USD: HOLD. Reason: No clear consensus
2026-09-18 13:46:42.799 | DEBUG    | engine.decision:evaluate_and_execute:45 - SPY: HOLD. Reason: No clear consensus
2026-09-18 13:46:47.508 | DEBUG    | engine.decision:evaluate_and_execute:45 - ETH-USD: HOLD. Reason: No clear consensus
2026-09-18 13:46:47.999 | DEBUG    | engine.decision:evaluate_and_execute:45 - DOGE-USD: HOLD. Reason: No clear consensus
2026-09-18 13:46:48.578 | DEBUG    | engine.decision:evaluate_and_execute:45 - SPY: HOLD. Reason: No clear consensus
2026-09-18 13:46:53.087 | DEBUG    | engine.decision:evaluate_and_execute:45 - ETH-USD: HOLD. Reason: No clear consensus
2026-09-18 13:46:53.781 | DEBUG    | engine.decision:evaluate_and_execute:45 - DOGE-USD: HOLD. Reason: No clear consensus
2026-09-18 13:46:54.310 | DEBUG    | engine.decision:evaluate_and_execute:45 - SPY: HOLD. Reason: No clear consensus
2026-09-18 13:46:58.617 | DEBUG    | engine.decision:evaluate_and_execute:45 - ETH-USD: HOLD. Reason: No clear consensus
2026-09-18 13:46:59.464 | DEBUG    | engine.decision:evaluate_and_execute:45 - DOGE-USD: HOLD. Reason: No clear consensus
2026-09-18 13:46:59.925 | DEBUG    | engine.decision:evaluate_and_execute:45 - SPY: HOLD. Reason: No clear consensus
2026-09-18 13:47:04.108 | DEBUG    | engine.decision:evaluate_and_execute:45 - ETH-USD: HOLD. Reason: No clear consensus
2026-09-18 13:47:05.110 | DEBUG    | engine.decision:evaluate_and_execute:45 - DOGE-USD: HOLD. Reason: No clear consensus
2026-09-18 13:47:05.573 | DEBUG    | engine.decision:evaluate_and_execute:45 - SPY: HOLD. Reason: No clear consensus
2026-09-18 13:47:09.645 | DEBUG    | engine.decision:evaluate_and_execute:45 - ETH-USD: HOLD. Reason: No clear consensus
2026-09-18 13:47:10.759 | DEBUG    | engine.decision:evaluate_and_execute:45 - DOGE-USD: HOLD. Reason: No clear consensus
2026-09-18 13:47:11.224 | DEBUG    | engine.decision:evaluate_and_execute:45 - SPY: HOLD. Reason: No clear consensus
2026-09-18 13:47:15.213 | DEBUG    | engine.decision:evaluate_and_execute:45 - ETH-USD: HOLD. Reason: No clear consensus
2026-09-18 13:47:16.457 | DEBUG    | engine.decision:evaluate_and_execute:45 - DOGE-USD: HOLD. Reason: No clear consensus
2026-09-18 13:47:16.904 | DEBUG    | engine.decision:evaluate_and_execute:45 - SPY: HOLD. Reason: No clear consensus
2026-09-18 13:47:20.758 | DEBUG    | engine.decision:evaluate_and_execute:45 - ETH-USD: HOLD. Reason: No clear consensus
2026-09-18 13:47:22.130 | DEBUG    | engine.decision:evaluate_and_execute:45 - DOGE-USD: HOLD. Reason: No clear consensus
2026-09-18 13:47:22.613 | DEBUG    | engine.decision:evaluate_and_execute:45 - SPY: HOLD. Reason: No clear consensus
2026-09-18 13:47:26.253 | DEBUG    | engine.decision:evaluate_and_execute:45 - ETH-USD: HOLD. Reason: No clear consensus
2026-09-18 13:47:28.038 | DEBUG    | engine.decision:evaluate_and_execute:45 - DOGE-USD: HOLD. Reason: No clear consensus
2026-09-18 13:47:28.141 | DEBUG    | engine.decision:evaluate_and_execute:45 - SPY: HOLD. Reason: No clear consensus
2026-09-18 13:47:31.812 | DEBUG    | engine.decision:evaluate_and_execute:45 - ETH-USD: HOLD. Reason: No clear consensus
2026-09-18 13:47:33.714 | DEBUG    | engine.decision:evaluate_and_execute:45 - DOGE-USD: HOLD. Reason: No clear consensus
2026-09-18 13:47:34.058 | DEBUG    | engine.decision:evaluate_and_execute:45 - SPY: HOLD. Reason: No clear consensus
2026-09-18 13:47:37.314 | DEBUG    | engine.decision:evaluate_and_execute:45 - ETH-USD: HOLD. Reason: No clear consensus
2026-09-18 13:47:39.521 | DEBUG    | engine.decision:evaluate_and_execute:45 - DOGE-USD: HOLD. Reason: No clear consensus
2026-09-18 13:47:39.531 | DEBUG    | engine.decision:evaluate_and_execute:45 - SPY: HOLD. Reason: No clear consensus
2026-09-18 13:47:42.891 | DEBUG    | engine.decision:evaluate_and_execute:45 - ETH-USD: HOLD. Reason: No clear consensus
2026-09-18 13:47:45.295 | DEBUG    | engine.decision:evaluate_and_execute:72 - DOGE-USD: SELL signal ignored (no open position).
2026-09-18 13:47:45.338 | DEBUG    | engine.decision:evaluate_and_execute:45 - SPY: HOLD. Reason: No clear consensus
2026-09-18 13:47:48.374 | DEBUG    | engine.decision:evaluate_and_execute:45 - ETH-USD: HOLD. Reason: No clear consensus
2026-09-18 13:47:51.012 | DEBUG    | engine.decision:evaluate_and_execute:45 - SPY: HOLD. Reason: No clear consensus
2026-09-18 13:47:51.403 | DEBUG    | engine.decision:evaluate_and_execute:45 - DOGE-USD: HOLD. Reason: No clear consensus
2026-09-18 13:47:53.953 | DEBUG    | engine.decision:evaluate_and_execute:45 - ETH-USD: HOLD. Reason: No clear consensus
2026-09-18 13:47:56.562 | DEBUG    | engine.decision:evaluate_and_execute:45 - SPY: HOLD. Reason: No clear consensus
2026-09-18 13:47:57.011 | DEBUG    | engine.decision:evaluate_and_execute:45 - DOGE-USD: HOLD. Reason: No clear consensus
2026-09-18 13:47:59.450 | DEBUG    | engine.decision:evaluate_and_execute:45 - ETH-USD: HOLD. Reason: No clear consensus
2026-09-18 13:48:02.090 | DEBUG    | engine.decision:evaluate_and_execute:45 - SPY: HOLD. Reason: No clear consensus
2026-09-18 13:48:02.602 | DEBUG    | engine.decision:evaluate_and_execute:45 - DOGE-USD: HOLD. Reason: No clear consensus
2026-09-18 13:48:04.971 | DEBUG    | engine.decision:evaluate_and_execute:45 - ETH-USD: HOLD. Reason: No clear consensus
2026-09-18 13:48:07.668 | DEBUG    | engine.decision:evaluate_and_execute:45 - SPY: HOLD. Reason: No clear consensus
2026-09-18 13:48:08.120 | DEBUG    | engine.decision:evaluate_and_execute:45 - DOGE-USD: HOLD. Reason: No clear consensus
2026-09-18 13:48:10.451 | DEBUG    | engine.decision:evaluate_and_execute:45 - ETH-USD: HOLD. Reason: No clear consensus
2026-09-18 13:48:13.218 | DEBUG    | engine.decision:evaluate_and_execute:45 - SPY: HOLD. Reason: No clear consensus
2026-09-18 13:48:13.731 | DEBUG    | engine.decision:evaluate_and_execute:45 - DOGE-USD: HOLD. Reason: No clear consensus
2026-09-18 13:48:15.958 | DEBUG    | engine.decision:evaluate_and_execute:45 - ETH-USD: HOLD. Reason: No clear consensus
2026-09-18 13:48:18.812 | DEBUG    | engine.decision:evaluate_and_execute:45 - SPY: HOLD. Reason: No clear consensus
2026-09-18 13:48:19.276 | DEBUG    | engine.decision:evaluate_and_execute:45 - DOGE-USD: HOLD. Reason: No clear consensus
2026-09-18 13:48:21.439 | DEBUG    | engine.decision:evaluate_and_execute:45 - ETH-USD: HOLD. Reason: No clear consensus
2026-09-18 13:48:24.384 | DEBUG    | engine.decision:evaluate_and_execute:45 - SPY: HOLD. Reason: No clear consensus
2026-09-18 13:48:24.849 | DEBUG    | engine.decision:evaluate_and_execute:45 - DOGE-USD: HOLD. Reason: No clear consensus
2026-09-18 13:48:27.020 | DEBUG    | engine.decision:evaluate_and_execute:45 - ETH-USD: HOLD. Reason: No clear consensus
2026-09-18 13:48:29.969 | DEBUG    | engine.decision:evaluate_and_execute:45 - SPY: HOLD. Reason: No clear consensus
2026-09-18 13:48:30.465 | DEBUG    | engine.decision:evaluate_and_execute:45 - DOGE-USD: HOLD. Reason: No clear consensus
2026-09-18 13:48:32.593 | DEBUG    | engine.decision:evaluate_and_execute:45 - ETH-USD: HOLD. Reason: No clear consensus
2026-09-18 13:48:35.533 | DEBUG    | engine.decision:evaluate_and_execute:45 - SPY: HOLD. Reason: No clear consensus
2026-09-18 13:48:36.093 | DEBUG    | engine.decision:evaluate_and_execute:45 - DOGE-USD: HOLD. Reason: No clear consensus
2026-09-18 13:48:38.124 | DEBUG    | engine.decision:evaluate_and_execute:45 - ETH-USD: HOLD. Reason: No clear consensus
2026-09-18 13:48:41.107 | DEBUG    | engine.decision:evaluate_and_execute:45 - SPY: HOLD. Reason: No clear consensus
2026-09-18 13:48:41.564 | DEBUG    | engine.decision:evaluate_and_execute:45 - DOGE-USD: HOLD. Reason: No clear consensus
2026-09-18 13:48:43.599 | DEBUG    | engine.decision:evaluate_and_execute:45 - ETH-USD: HOLD. Reason: No clear consensus
2026-09-18 13:48:46.599 | DEBUG    | engine.decision:evaluate_and_execute:45 - SPY: HOLD. Reason: No clear consensus
2026-09-18 13:48:47.130 | DEBUG    | engine.decision:evaluate_and_execute:45 - DOGE-USD: HOLD. Reason: No clear consensus
2026-09-18 13:48:49.164 | DEBUG    | engine.decision:evaluate_and_execute:72 - ETH-USD: SELL signal ignored (no open position).
2026-09-18 13:48:52.160 | DEBUG    | engine.decision:evaluate_and_execute:45 - SPY: HOLD. Reason: No clear consensus
2026-09-18 13:48:52.627 | DEBUG    | engine.decision:evaluate_and_execute:45 - DOGE-USD: HOLD. Reason: No clear consensus
2026-09-18 13:48:54.659 | DEBUG    | engine.decision:evaluate_and_execute:45 - ETH-USD: HOLD. Reason: No clear consensus
2026-09-18 13:48:57.688 | DEBUG    | engine.decision:evaluate_and_execute:45 - SPY: HOLD. Reason: No clear consensus
2026-09-18 13:48:58.310 | DEBUG    | engine.decision:evaluate_and_execute:45 - DOGE-USD: HOLD. Reason: No clear consensus
2026-09-18 13:49:00.180 | DEBUG    | engine.decision:evaluate_and_execute:45 - ETH-USD: HOLD. Reason: No clear consensus
2026-09-18 13:49:03.184 | DEBUG    | engine.decision:evaluate_and_execute:45 - SPY: HOLD. Reason: No clear consensus
2026-09-18 13:49:03.797 | DEBUG    | engine.decision:evaluate_and_execute:45 - DOGE-USD: HOLD. Reason: No clear consensus
2026-09-18 13:49:05.662 | DEBUG    | engine.decision:evaluate_and_execute:45 - ETH-USD: HOLD. Reason: No clear consensus
2026-09-18 13:49:08.628 | DEBUG    | engine.decision:evaluate_and_execute:45 - SPY: HOLD. Reason: No clear consensus
2026-09-18 13:49:09.422 | DEBUG    | engine.decision:evaluate_and_execute:45 - DOGE-USD: HOLD. Reason: No clear consensus
2026-09-18 13:49:11.195 | DEBUG    | engine.decision:evaluate_and_execute:45 - ETH-USD: HOLD. Reason: No clear consensus
2026-09-18 13:49:14.108 | DEBUG    | engine.decision:evaluate_and_execute:45 - SPY: HOLD. Reason: No clear consensus
2026-09-18 13:49:14.918 | DEBUG    | engine.decision:evaluate_and_execute:45 - DOGE-USD: HOLD. Reason: No clear consensus
2026-09-18 13:49:16.725 | DEBUG    | engine.decision:evaluate_and_execute:45 - ETH-USD: HOLD. Reason: No clear consensus
2026-09-18 13:49:19.610 | DEBUG    | engine.decision:evaluate_and_execute:45 - SPY: HOLD. Reason: No clear consensus
2026-09-18 13:49:20.480 | DEBUG    | engine.decision:evaluate_and_execute:45 - DOGE-USD: HOLD. Reason: No clear consensus
2026-09-18 13:49:22.319 | DEBUG    | engine.decision:evaluate_and_execute:45 - ETH-USD: HOLD. Reason: No clear consensus
2026-09-18 13:49:25.132 | DEBUG    | engine.decision:evaluate_and_execute:45 - SPY: HOLD. Reason: No clear consensus
2026-09-18 13:49:25.966 | DEBUG    | engine.decision:evaluate_and_execute:72 - DOGE-USD: SELL signal ignored (no open position).
2026-09-18 13:49:27.838 | DEBUG    | engine.decision:evaluate_and_execute:45 - ETH-USD: HOLD. Reason: No clear consensus
2026-09-18 13:49:30.592 | DEBUG    | engine.decision:evaluate_and_execute:45 - SPY: HOLD. Reason: No clear consensus
2026-09-18 13:49:31.577 | DEBUG    | engine.decision:evaluate_and_execute:45 - DOGE-USD: HOLD. Reason: No clear consensus
2026-09-18 13:49:33.384 | DEBUG    | engine.decision:evaluate_and_execute:45 - ETH-USD: HOLD. Reason: No clear consensus
2026-09-18 13:49:36.222 | DEBUG    | engine.decision:evaluate_and_execute:45 - SPY: HOLD. Reason: No clear consensus
2026-09-18 13:49:37.128 | DEBUG    | engine.decision:evaluate_and_execute:45 - DOGE-USD: HOLD. Reason: No clear consensus
2026-09-18 13:49:38.858 | DEBUG    | engine.decision:evaluate_and_execute:45 - ETH-USD: HOLD. Reason: No clear consensus
2026-09-18 13:49:41.758 | DEBUG    | engine.decision:evaluate_and_execute:45 - SPY: HOLD. Reason: No clear consensus
2026-09-18 13:49:42.678 | DEBUG    | engine.decision:evaluate_and_execute:45 - DOGE-USD: HOLD. Reason: No clear consensus
2026-09-18 13:49:44.392 | DEBUG    | engine.decision:evaluate_and_execute:45 - ETH-USD: HOLD. Reason: No clear consensus
2026-09-18 13:49:47.271 | DEBUG    | engine.decision:evaluate_and_execute:45 - SPY: HOLD. Reason: No clear consensus
2026-09-18 13:49:48.148 | DEBUG    | engine.decision:evaluate_and_execute:45 - DOGE-USD: HOLD. Reason: No clear consensus
2026-09-18 13:49:49.878 | DEBUG    | engine.decision:evaluate_and_execute:45 - ETH-USD: HOLD. Reason: No clear consensus
2026-09-18 13:49:52.698 | DEBUG    | engine.decision:evaluate_and_execute:45 - SPY: HOLD. Reason: No clear consensus
2026-09-18 13:49:53.659 | DEBUG    | engine.decision:evaluate_and_execute:45 - DOGE-USD: HOLD. Reason: No clear consensus
2026-09-18 13:49:55.531 | DEBUG    | engine.decision:evaluate_and_execute:45 - ETH-USD: HOLD. Reason: No clear consensus
2026-09-18 13:49:58.208 | DEBUG    | engine.decision:evaluate_and_execute:45 - SPY: HOLD. Reason: No clear consensus
2026-09-18 13:49:59.177 | DEBUG    | engine.decision:evaluate_and_execute:45 - DOGE-USD: HOLD. Reason: No clear consensus
2026-09-18 13:50:01.006 | DEBUG    | engine.decision:evaluate_and_execute:45 - ETH-USD: HOLD. Reason: No clear consensus
2026-09-18 13:50:03.658 | DEBUG    | engine.decision:evaluate_and_execute:45 - SPY: HOLD. Reason: No clear consensus
2026-09-18 13:50:04.743 | DEBUG    | engine.decision:evaluate_and_execute:45 - DOGE-USD: HOLD. Reason: No clear consensus
2026-09-18 13:50:06.511 | DEBUG    | engine.decision:evaluate_and_execute:45 - ETH-USD: HOLD. Reason: No clear consensus
2026-09-18 13:50:09.150 | DEBUG    | engine.decision:evaluate_and_execute:45 - SPY: HOLD. Reason: No clear consensus
2026-09-18 13:50:10.222 | DEBUG    | engine.decision:evaluate_and_execute:45 - DOGE-USD: HOLD. Reason: No clear consensus
2026-09-18 13:50:11.989 | DEBUG    | engine.decision:evaluate_and_execute:45 - ETH-USD: HOLD. Reason: No clear consensus
2026-09-18 13:50:14.583 | DEBUG    | engine.decision:evaluate_and_execute:45 - SPY: HOLD. Reason: No clear consensus
2026-09-18 13:50:15.783 | DEBUG    | engine.decision:evaluate_and_execute:45 - DOGE-USD: HOLD. Reason: No clear consensus
2026-09-18 13:50:17.588 | DEBUG    | engine.decision:evaluate_and_execute:45 - ETH-USD: HOLD. Reason: No clear consensus
2026-09-18 13:50:20.096 | DEBUG    | engine.decision:evaluate_and_execute:45 - SPY: HOLD. Reason: No clear consensus
2026-09-18 13:50:21.273 | DEBUG    | engine.decision:evaluate_and_execute:45 - DOGE-USD: HOLD. Reason: No clear consensus
2026-09-18 13:50:23.070 | DEBUG    | engine.decision:evaluate_and_execute:45 - ETH-USD: HOLD. Reason: No clear consensus
2026-09-18 13:50:25.545 | DEBUG    | engine.decision:evaluate_and_execute:45 - SPY: HOLD. Reason: No clear consensus
2026-09-18 13:50:26.857 | DEBUG    | engine.decision:evaluate_and_execute:45 - DOGE-USD: HOLD. Reason: No clear consensus
2026-09-18 13:50:28.693 | DEBUG    | engine.decision:evaluate_and_execute:45 - ETH-USD: HOLD. Reason: No clear consensus
2026-09-18 13:50:31.106 | DEBUG    | engine.decision:evaluate_and_execute:45 - SPY: HOLD. Reason: No clear consensus
2026-09-18 13:50:32.324 | DEBUG    | engine.decision:evaluate_and_execute:45 - DOGE-USD: HOLD. Reason: No clear consensus
2026-09-18 13:50:34.152 | DEBUG    | engine.decision:evaluate_and_execute:45 - ETH-USD: HOLD. Reason: No clear consensus
2026-09-18 13:50:36.557 | DEBUG    | engine.decision:evaluate_and_execute:45 - SPY: HOLD. Reason: No clear consensus
2026-09-18 13:50:37.853 | DEBUG    | engine.decision:evaluate_and_execute:45 - DOGE-USD: HOLD. Reason: No clear consensus
2026-09-18 13:50:39.675 | DEBUG    | engine.decision:evaluate_and_execute:45 - ETH-USD: HOLD. Reason: No clear consensus
2026-09-18 13:50:42.046 | DEBUG    | engine.decision:evaluate_and_execute:45 - SPY: HOLD. Reason: No clear consensus
2026-09-18 13:50:43.410 | DEBUG    | engine.decision:evaluate_and_execute:45 - DOGE-USD: HOLD. Reason: No clear consensus
2026-09-18 13:50:45.164 | DEBUG    | engine.decision:evaluate_and_execute:45 - ETH-USD: HOLD. Reason: No clear consensus
2026-09-18 13:50:47.512 | DEBUG    | engine.decision:evaluate_and_execute:45 - SPY: HOLD. Reason: No clear consensus
2026-09-18 13:50:48.962 | DEBUG    | engine.decision:evaluate_and_execute:45 - DOGE-USD: HOLD. Reason: No clear consensus
2026-09-18 13:50:50.684 | DEBUG    | engine.decision:evaluate_and_execute:45 - ETH-USD: HOLD. Reason: No clear consensus
2026-09-18 13:50:53.019 | DEBUG    | engine.decision:evaluate_and_execute:45 - SPY: HOLD. Reason: No clear consensus
2026-09-18 13:50:54.456 | DEBUG    | engine.decision:evaluate_and_execute:45 - DOGE-USD: HOLD. Reason: No clear consensus
2026-09-18 13:50:56.176 | DEBUG    | engine.decision:evaluate_and_execute:45 - ETH-USD: HOLD. Reason: No clear consensus
2026-09-18 13:50:58.453 | DEBUG    | engine.decision:evaluate_and_execute:45 - SPY: HOLD. Reason: No clear consensus
2026-09-18 13:50:59.986 | DEBUG    | engine.decision:evaluate_and_execute:45 - DOGE-USD: HOLD. Reason: No clear consensus
2026-09-18 13:51:01.696 | DEBUG    | engine.decision:evaluate_and_execute:45 - ETH-USD: HOLD. Reason: No clear consensus
2026-09-18 13:51:03.947 | DEBUG    | engine.decision:evaluate_and_execute:45 - SPY: HOLD. Reason: No clear consensus
2026-09-18 13:51:05.550 | DEBUG    | engine.decision:evaluate_and_execute:45 - DOGE-USD: HOLD. Reason: No clear consensus
2026-09-18 13:51:07.162 | DEBUG    | engine.decision:evaluate_and_execute:45 - ETH-USD: HOLD. Reason: No clear consensus
2026-09-18 13:51:09.442 | DEBUG    | engine.decision:evaluate_and_execute:45 - SPY: HOLD. Reason: No clear consensus
2026-09-18 13:51:11.107 | DEBUG    | engine.decision:evaluate_and_execute:45 - DOGE-USD: HOLD. Reason: No clear consensus
2026-09-18 13:51:12.781 | DEBUG    | engine.decision:evaluate_and_execute:45 - ETH-USD: HOLD. Reason: No clear consensus
2026-09-18 13:51:14.959 | DEBUG    | engine.decision:evaluate_and_execute:45 - SPY: HOLD. Reason: No clear consensus
2026-09-18 13:51:16.666 | DEBUG    | engine.decision:evaluate_and_execute:45 - DOGE-USD: HOLD. Reason: No clear consensus
2026-09-18 13:51:18.246 | DEBUG    | engine.decision:evaluate_and_execute:45 - ETH-USD: HOLD. Reason: No clear consensus
2026-09-18 13:51:20.416 | DEBUG    | engine.decision:evaluate_and_execute:45 - SPY: HOLD. Reason: No clear consensus
2026-09-18 13:51:22.206 | DEBUG    | engine.decision:evaluate_and_execute:45 - DOGE-USD: HOLD. Reason: No clear consensus
2026-09-18 13:51:23.764 | DEBUG    | engine.decision:evaluate_and_execute:45 - ETH-USD: HOLD. Reason: No clear consensus
2026-09-18 13:51:25.928 | DEBUG    | engine.decision:evaluate_and_execute:45 - SPY: HOLD. Reason: No clear consensus
2026-09-18 13:51:27.704 | DEBUG    | engine.decision:evaluate_and_execute:45 - DOGE-USD: HOLD. Reason: No clear consensus
2026-09-18 13:51:29.295 | DEBUG    | engine.decision:evaluate_and_execute:45 - ETH-USD: HOLD. Reason: No clear consensus
2026-09-18 13:51:31.419 | DEBUG    | engine.decision:evaluate_and_execute:45 - SPY: HOLD. Reason: No clear consensus
2026-09-18 13:51:33.290 | DEBUG    | engine.decision:evaluate_and_execute:45 - DOGE-USD: HOLD. Reason: No clear consensus
2026-09-18 13:51:34.842 | DEBUG    | engine.decision:evaluate_and_execute:45 - ETH-USD: HOLD. Reason: No clear consensus
2026-09-18 13:51:36.959 | DEBUG    | engine.decision:evaluate_and_execute:45 - SPY: HOLD. Reason: No clear consensus
2026-09-18 13:51:38.744 | DEBUG    | engine.decision:evaluate_and_execute:45 - DOGE-USD: HOLD. Reason: No clear consensus
2026-09-18 13:51:40.295 | DEBUG    | engine.decision:evaluate_and_execute:45 - ETH-USD: HOLD. Reason: No clear consensus
2026-09-18 13:51:42.432 | DEBUG    | engine.decision:evaluate_and_execute:45 - SPY: HOLD. Reason: No clear consensus
2026-09-18 13:51:44.293 | DEBUG    | engine.decision:evaluate_and_execute:45 - DOGE-USD: HOLD. Reason: No clear consensus
2026-09-18 13:51:45.815 | DEBUG    | engine.decision:evaluate_and_execute:45 - ETH-USD: HOLD. Reason: No clear consensus
2026-09-18 13:51:47.917 | DEBUG    | engine.decision:evaluate_and_execute:45 - SPY: HOLD. Reason: No clear consensus
2026-09-18 13:51:49.757 | DEBUG    | engine.decision:evaluate_and_execute:45 - DOGE-USD: HOLD. Reason: No clear consensus
2026-09-18 13:51:51.273 | DEBUG    | engine.decision:evaluate_and_execute:45 - ETH-USD: HOLD. Reason: No clear consensus
2026-09-18 13:51:53.359 | DEBUG    | engine.decision:evaluate_and_execute:45 - SPY: HOLD. Reason: No clear consensus
2026-09-18 13:51:55.306 | DEBUG    | engine.decision:evaluate_and_execute:45 - DOGE-USD: HOLD. Reason: No clear consensus
2026-09-18 13:51:56.803 | DEBUG    | engine.decision:evaluate_and_execute:45 - ETH-USD: HOLD. Reason: No clear consensus
2026-09-18 13:51:58.931 | DEBUG    | engine.decision:evaluate_and_execute:45 - SPY: HOLD. Reason: No clear consensus
2026-09-18 13:52:00.851 | DEBUG    | engine.decision:evaluate_and_execute:45 - DOGE-USD: HOLD. Reason: No clear consensus
2026-09-18 13:52:02.299 | DEBUG    | engine.decision:evaluate_and_execute:45 - ETH-USD: HOLD. Reason: No clear consensus
2026-09-18 13:52:04.371 | DEBUG    | engine.decision:evaluate_and_execute:45 - SPY: HOLD. Reason: No clear consensus
2026-09-18 13:52:06.504 | DEBUG    | engine.decision:evaluate_and_execute:45 - DOGE-USD: HOLD. Reason: No clear consensus
2026-09-18 13:52:07.842 | DEBUG    | engine.decision:evaluate_and_execute:45 - ETH-USD: HOLD. Reason: No clear consensus
2026-09-18 13:52:09.944 | DEBUG    | engine.decision:evaluate_and_execute:45 - SPY: HOLD. Reason: No clear consensus
2026-09-18 13:52:12.055 | DEBUG    | engine.decision:evaluate_and_execute:45 - DOGE-USD: HOLD. Reason: No clear consensus
2026-09-18 13:52:13.336 | DEBUG    | engine.decision:evaluate_and_execute:45 - ETH-USD: HOLD. Reason: No clear consensus
2026-09-18 13:52:15.386 | DEBUG    | engine.decision:evaluate_and_execute:45 - SPY: HOLD. Reason: No clear consensus
2026-09-18 13:52:17.604 | DEBUG    | engine.decision:evaluate_and_execute:45 - DOGE-USD: HOLD. Reason: No clear consensus
2026-09-18 13:52:18.868 | DEBUG    | engine.decision:evaluate_and_execute:45 - ETH-USD: HOLD. Reason: No clear consensus
2026-09-18 13:52:20.921 | DEBUG    | engine.decision:evaluate_and_execute:45 - SPY: HOLD. Reason: No clear consensus
2026-09-18 13:52:23.123 | DEBUG    | engine.decision:evaluate_and_execute:45 - DOGE-USD: HOLD. Reason: No clear consensus
2026-09-18 13:52:24.357 | DEBUG    | engine.decision:evaluate_and_execute:45 - ETH-USD: HOLD. Reason: No clear consensus
2026-09-18 13:52:26.377 | DEBUG    | engine.decision:evaluate_and_execute:45 - SPY: HOLD. Reason: No clear consensus
2026-09-18 13:52:28.674 | DEBUG    | engine.decision:evaluate_and_execute:45 - DOGE-USD: HOLD. Reason: No clear consensus
2026-09-18 13:52:29.924 | DEBUG    | engine.decision:evaluate_and_execute:45 - ETH-USD: HOLD. Reason: No clear consensus
2026-09-18 13:52:31.891 | DEBUG    | engine.decision:evaluate_and_execute:45 - SPY: HOLD. Reason: No clear consensus
2026-09-18 13:52:34.204 | DEBUG    | engine.decision:evaluate_and_execute:45 - DOGE-USD: HOLD. Reason: No clear consensus
2026-09-18 13:52:35.417 | DEBUG    | engine.decision:evaluate_and_execute:72 - ETH-USD: SELL signal ignored (no open position).
2026-09-18 13:52:37.358 | DEBUG    | engine.decision:evaluate_and_execute:45 - SPY: HOLD. Reason: No clear consensus
2026-09-18 13:52:39.744 | DEBUG    | engine.decision:evaluate_and_execute:45 - DOGE-USD: HOLD. Reason: No clear consensus
2026-09-18 13:52:40.977 | DEBUG    | engine.decision:evaluate_and_execute:45 - ETH-USD: HOLD. Reason: No clear consensus
2026-09-18 13:52:42.855 | DEBUG    | engine.decision:evaluate_and_execute:45 - SPY: HOLD. Reason: No clear consensus
2026-09-18 13:52:45.241 | DEBUG    | engine.decision:evaluate_and_execute:45 - DOGE-USD: HOLD. Reason: No clear consensus
2026-09-18 13:52:46.462 | DEBUG    | engine.decision:evaluate_and_execute:45 - ETH-USD: HOLD. Reason: No clear consensus
2026-09-18 13:52:48.363 | DEBUG    | engine.decision:evaluate_and_execute:45 - SPY: HOLD. Reason: No clear consensus
2026-09-18 13:52:50.752 | DEBUG    | engine.decision:evaluate_and_execute:45 - DOGE-USD: HOLD. Reason: No clear consensus
2026-09-18 13:52:52.033 | DEBUG    | engine.decision:evaluate_and_execute:45 - ETH-USD: HOLD. Reason: No clear consensus
2026-09-18 13:52:53.892 | DEBUG    | engine.decision:evaluate_and_execute:45 - SPY: HOLD. Reason: No clear consensus
2026-09-18 13:52:56.227 | DEBUG    | engine.decision:evaluate_and_execute:45 - DOGE-USD: HOLD. Reason: No clear consensus
2026-09-18 13:52:57.510 | DEBUG    | engine.decision:evaluate_and_execute:45 - ETH-USD: HOLD. Reason: No clear consensus
2026-09-18 13:52:59.376 | DEBUG    | engine.decision:evaluate_and_execute:45 - SPY: HOLD. Reason: No clear consensus
2026-09-18 13:53:01.787 | DEBUG    | engine.decision:evaluate_and_execute:45 - DOGE-USD: HOLD. Reason: No clear consensus
2026-09-18 13:53:03.087 | DEBUG    | engine.decision:evaluate_and_execute:45 - ETH-USD: HOLD. Reason: No clear consensus
2026-09-18 13:53:04.874 | DEBUG    | engine.decision:evaluate_and_execute:45 - SPY: HOLD. Reason: No clear consensus
2026-09-18 13:53:07.244 | DEBUG    | engine.decision:evaluate_and_execute:45 - DOGE-USD: HOLD. Reason: No clear consensus
2026-09-18 13:53:08.540 | DEBUG    | engine.decision:evaluate_and_execute:45 - ETH-USD: HOLD. Reason: No clear consensus
2026-09-18 13:53:10.333 | DEBUG    | engine.decision:evaluate_and_execute:45 - SPY: HOLD. Reason: No clear consensus
2026-09-18 13:53:12.777 | DEBUG    | engine.decision:evaluate_and_execute:45 - DOGE-USD: HOLD. Reason: No clear consensus
2026-09-18 13:53:14.075 | DEBUG    | engine.decision:evaluate_and_execute:45 - ETH-USD: HOLD. Reason: No clear consensus
2026-09-18 13:53:15.844 | DEBUG    | engine.decision:evaluate_and_execute:45 - SPY: HOLD. Reason: No clear consensus
2026-09-18 13:53:18.264 | DEBUG    | engine.decision:evaluate_and_execute:45 - DOGE-USD: HOLD. Reason: No clear consensus
2026-09-18 13:53:19.604 | DEBUG    | engine.decision:evaluate_and_execute:45 - ETH-USD: HOLD. Reason: No clear consensus
2026-09-18 13:53:21.316 | DEBUG    | engine.decision:evaluate_and_execute:45 - SPY: HOLD. Reason: No clear consensus
2026-09-18 13:53:23.807 | DEBUG    | engine.decision:evaluate_and_execute:45 - DOGE-USD: HOLD. Reason: No clear consensus
2026-09-18 13:53:25.134 | DEBUG    | engine.decision:evaluate_and_execute:45 - ETH-USD: HOLD. Reason: No clear consensus
2026-09-18 13:53:26.899 | DEBUG    | engine.decision:evaluate_and_execute:45 - SPY: HOLD. Reason: No clear consensus
2026-09-18 13:53:29.305 | DEBUG    | engine.decision:evaluate_and_execute:45 - DOGE-USD: HOLD. Reason: No clear consensus
2026-09-18 13:53:30.596 | DEBUG    | engine.decision:evaluate_and_execute:45 - ETH-USD: HOLD. Reason: No clear consensus
2026-09-18 13:53:32.352 | DEBUG    | engine.decision:evaluate_and_execute:45 - SPY: HOLD. Reason: No clear consensus
2026-09-18 13:53:34.818 | DEBUG    | engine.decision:evaluate_and_execute:45 - DOGE-USD: HOLD. Reason: No clear consensus
2026-09-18 13:53:36.199 | DEBUG    | engine.decision:evaluate_and_execute:45 - ETH-USD: HOLD. Reason: No clear consensus
2026-09-18 13:53:37.865 | DEBUG    | engine.decision:evaluate_and_execute:45 - SPY: HOLD. Reason: No clear consensus
2026-09-18 13:53:40.343 | DEBUG    | engine.decision:evaluate_and_execute:45 - DOGE-USD: HOLD. Reason: No clear consensus
2026-09-18 13:53:41.698 | DEBUG    | engine.decision:evaluate_and_execute:45 - ETH-USD: HOLD. Reason: No clear consensus
2026-09-18 13:53:43.302 | DEBUG    | engine.decision:evaluate_and_execute:45 - SPY: HOLD. Reason: No clear consensus
2026-09-18 13:53:45.887 | DEBUG    | engine.decision:evaluate_and_execute:45 - DOGE-USD: HOLD. Reason: No clear consensus
2026-09-18 13:53:47.257 | DEBUG    | engine.decision:evaluate_and_execute:45 - ETH-USD: HOLD. Reason: No clear consensus
2026-09-18 13:53:48.809 | DEBUG    | engine.decision:evaluate_and_execute:45 - SPY: HOLD. Reason: No clear consensus
2026-09-18 13:53:51.369 | DEBUG    | engine.decision:evaluate_and_execute:45 - DOGE-USD: HOLD. Reason: No clear consensus
2026-09-18 13:53:52.720 | DEBUG    | engine.decision:evaluate_and_execute:45 - ETH-USD: HOLD. Reason: No clear consensus
2026-09-18 13:53:54.302 | DEBUG    | engine.decision:evaluate_and_execute:45 - SPY: HOLD. Reason: No clear consensus
2026-09-18 13:53:56.913 | DEBUG    | engine.decision:evaluate_and_execute:45 - DOGE-USD: HOLD. Reason: No clear consensus
2026-09-18 13:53:58.308 | DEBUG    | engine.decision:evaluate_and_execute:45 - ETH-USD: HOLD. Reason: No clear consensus
2026-09-18 13:53:59.868 | DEBUG    | engine.decision:evaluate_and_execute:45 - SPY: HOLD. Reason: No clear consensus
2026-09-18 13:54:02.426 | DEBUG    | engine.decision:evaluate_and_execute:45 - DOGE-USD: HOLD. Reason: No clear consensus
2026-09-18 13:54:03.767 | DEBUG    | engine.decision:evaluate_and_execute:45 - ETH-USD: HOLD. Reason: No clear consensus
2026-09-18 13:54:05.323 | DEBUG    | engine.decision:evaluate_and_execute:45 - SPY: HOLD. Reason: No clear consensus
2026-09-18 13:54:07.927 | DEBUG    | engine.decision:evaluate_and_execute:45 - DOGE-USD: HOLD. Reason: No clear consensus
2026-09-18 13:54:09.284 | DEBUG    | engine.decision:evaluate_and_execute:45 - ETH-USD: HOLD. Reason: No clear consensus
2026-09-18 13:54:10.823 | DEBUG    | engine.decision:evaluate_and_execute:45 - SPY: HOLD. Reason: No clear consensus
2026-09-18 13:54:13.416 | DEBUG    | engine.decision:evaluate_and_execute:45 - DOGE-USD: HOLD. Reason: No clear consensus
2026-09-18 13:54:14.794 | DEBUG    | engine.decision:evaluate_and_execute:45 - ETH-USD: HOLD. Reason: No clear consensus
2026-09-18 13:54:16.263 | DEBUG    | engine.decision:evaluate_and_execute:45 - SPY: HOLD. Reason: No clear consensus
2026-09-18 13:54:19.023 | DEBUG    | engine.decision:evaluate_and_execute:45 - DOGE-USD: HOLD. Reason: No clear consensus
2026-09-18 13:54:20.316 | DEBUG    | engine.decision:evaluate_and_execute:45 - ETH-USD: HOLD. Reason: No clear consensus
2026-09-18 13:54:21.764 | DEBUG    | engine.decision:evaluate_and_execute:45 - SPY: HOLD. Reason: No clear consensus
2026-09-18 13:54:24.559 | DEBUG    | engine.decision:evaluate_and_execute:45 - DOGE-USD: HOLD. Reason: No clear consensus
2026-09-18 13:54:25.802 | DEBUG    | engine.decision:evaluate_and_execute:72 - ETH-USD: SELL signal ignored (no open position).
2026-09-18 13:54:27.278 | DEBUG    | engine.decision:evaluate_and_execute:45 - SPY: HOLD. Reason: No clear consensus
2026-09-18 13:54:30.166 | DEBUG    | engine.decision:evaluate_and_execute:72 - DOGE-USD: SELL signal ignored (no open position).
2026-09-18 13:54:31.330 | DEBUG    | engine.decision:evaluate_and_execute:45 - ETH-USD: HOLD. Reason: No clear consensus
2026-09-18 13:54:32.776 | DEBUG    | engine.decision:evaluate_and_execute:45 - SPY: HOLD. Reason: No clear consensus
2026-09-18 13:54:35.694 | DEBUG    | engine.decision:evaluate_and_execute:45 - DOGE-USD: HOLD. Reason: No clear consensus
2026-09-18 13:54:36.870 | DEBUG    | engine.decision:evaluate_and_execute:45 - ETH-USD: HOLD. Reason: No clear consensus
2026-09-18 13:54:38.225 | DEBUG    | engine.decision:evaluate_and_execute:45 - SPY: HOLD. Reason: No clear consensus
2026-09-18 13:54:41.328 | DEBUG    | engine.decision:evaluate_and_execute:45 - DOGE-USD: HOLD. Reason: No clear consensus
2026-09-18 13:54:42.436 | DEBUG    | engine.decision:evaluate_and_execute:45 - ETH-USD: HOLD. Reason: No clear consensus
2026-09-18 13:54:43.721 | DEBUG    | engine.decision:evaluate_and_execute:45 - SPY: HOLD. Reason: No clear consensus
2026-09-18 13:54:46.877 | DEBUG    | engine.decision:evaluate_and_execute:45 - DOGE-USD: HOLD. Reason: No clear consensus
2026-09-18 13:54:47.903 | DEBUG    | engine.decision:evaluate_and_execute:45 - ETH-USD: HOLD. Reason: No clear consensus
2026-09-18 13:54:49.156 | DEBUG    | engine.decision:evaluate_and_execute:45 - SPY: HOLD. Reason: No clear consensus
2026-09-18 13:54:52.406 | DEBUG    | engine.decision:evaluate_and_execute:45 - DOGE-USD: HOLD. Reason: No clear consensus
2026-09-18 13:54:53.523 | DEBUG    | engine.decision:evaluate_and_execute:45 - ETH-USD: HOLD. Reason: No clear consensus
2026-09-18 13:54:54.684 | DEBUG    | engine.decision:evaluate_and_execute:45 - SPY: HOLD. Reason: No clear consensus
2026-09-18 13:54:57.902 | DEBUG    | engine.decision:evaluate_and_execute:45 - DOGE-USD: HOLD. Reason: No clear consensus
2026-09-18 13:54:59.005 | DEBUG    | engine.decision:evaluate_and_execute:45 - ETH-USD: HOLD. Reason: No clear consensus
2026-09-18 13:55:00.123 | DEBUG    | engine.decision:evaluate_and_execute:45 - SPY: HOLD. Reason: No clear consensus
2026-09-18 13:55:03.412 | DEBUG    | engine.decision:evaluate_and_execute:45 - DOGE-USD: HOLD. Reason: No clear consensus
2026-09-18 13:55:04.583 | DEBUG    | engine.decision:evaluate_and_execute:45 - ETH-USD: HOLD. Reason: No clear consensus
2026-09-18 13:55:05.624 | DEBUG    | engine.decision:evaluate_and_execute:45 - SPY: HOLD. Reason: No clear consensus
2026-09-18 13:55:08.903 | DEBUG    | engine.decision:evaluate_and_execute:45 - DOGE-USD: HOLD. Reason: No clear consensus
2026-09-18 13:55:10.087 | DEBUG    | engine.decision:evaluate_and_execute:45 - ETH-USD: HOLD. Reason: No clear consensus
2026-09-18 13:55:11.076 | DEBUG    | engine.decision:evaluate_and_execute:45 - SPY: HOLD. Reason: No clear consensus
2026-09-18 13:55:14.535 | DEBUG    | engine.decision:evaluate_and_execute:45 - DOGE-USD: HOLD. Reason: No clear consensus
2026-09-18 13:55:15.603 | DEBUG    | engine.decision:evaluate_and_execute:72 - ETH-USD: SELL signal ignored (no open position).
2026-09-18 13:55:16.672 | DEBUG    | engine.decision:evaluate_and_execute:45 - SPY: HOLD. Reason: No clear consensus
2026-09-18 13:55:20.043 | DEBUG    | engine.decision:evaluate_and_execute:45 - DOGE-USD: HOLD. Reason: No clear consensus
2026-09-18 13:55:21.123 | DEBUG    | engine.decision:evaluate_and_execute:45 - ETH-USD: HOLD. Reason: No clear consensus
2026-09-18 13:55:22.164 | DEBUG    | engine.decision:evaluate_and_execute:45 - SPY: HOLD. Reason: No clear consensus
2026-09-18 13:55:25.605 | DEBUG    | engine.decision:evaluate_and_execute:45 - DOGE-USD: HOLD. Reason: No clear consensus
2026-09-18 13:55:26.702 | DEBUG    | engine.decision:evaluate_and_execute:45 - ETH-USD: HOLD. Reason: No clear consensus
2026-09-18 13:55:27.740 | DEBUG    | engine.decision:evaluate_and_execute:45 - SPY: HOLD. Reason: No clear consensus
2026-09-18 13:55:31.078 | DEBUG    | engine.decision:evaluate_and_execute:45 - DOGE-USD: HOLD. Reason: No clear consensus
2026-09-18 13:55:32.230 | DEBUG    | engine.decision:evaluate_and_execute:45 - ETH-USD: HOLD. Reason: No clear consensus
2026-09-18 13:55:33.180 | DEBUG    | engine.decision:evaluate_and_execute:45 - SPY: HOLD. Reason: No clear consensus
2026-09-18 13:55:36.594 | DEBUG    | engine.decision:evaluate_and_execute:45 - DOGE-USD: HOLD. Reason: No clear consensus
2026-09-18 13:55:37.743 | DEBUG    | engine.decision:evaluate_and_execute:45 - ETH-USD: HOLD. Reason: No clear consensus
2026-09-18 13:55:38.690 | DEBUG    | engine.decision:evaluate_and_execute:45 - SPY: HOLD. Reason: No clear consensus
2026-09-18 13:55:42.190 | DEBUG    | engine.decision:evaluate_and_execute:45 - DOGE-USD: HOLD. Reason: No clear consensus
2026-09-18 13:55:43.226 | DEBUG    | engine.decision:evaluate_and_execute:45 - ETH-USD: HOLD. Reason: No clear consensus
2026-09-18 13:55:44.344 | DEBUG    | engine.decision:evaluate_and_execute:45 - SPY: HOLD. Reason: No clear consensus
2026-09-18 13:55:47.734 | DEBUG    | engine.decision:evaluate_and_execute:45 - DOGE-USD: HOLD. Reason: No clear consensus
2026-09-18 13:55:48.772 | DEBUG    | engine.decision:evaluate_and_execute:45 - ETH-USD: HOLD. Reason: No clear consensus
2026-09-18 13:55:49.843 | DEBUG    | engine.decision:evaluate_and_execute:45 - SPY: HOLD. Reason: No clear consensus
2026-09-18 13:55:53.265 | DEBUG    | engine.decision:evaluate_and_execute:45 - DOGE-USD: HOLD. Reason: No clear consensus
2026-09-18 13:55:54.323 | DEBUG    | engine.decision:evaluate_and_execute:45 - ETH-USD: HOLD. Reason: No clear consensus
2026-09-18 13:55:55.267 | DEBUG    | engine.decision:evaluate_and_execute:45 - SPY: HOLD. Reason: No clear consensus
2026-09-18 13:55:58.851 | DEBUG    | engine.decision:evaluate_and_execute:45 - DOGE-USD: HOLD. Reason: No clear consensus
2026-09-18 13:55:59.881 | DEBUG    | engine.decision:evaluate_and_execute:45 - ETH-USD: HOLD. Reason: No clear consensus
2026-09-18 13:56:00.810 | DEBUG    | engine.decision:evaluate_and_execute:45 - SPY: HOLD. Reason: No clear consensus
2026-09-18 13:56:04.335 | DEBUG    | engine.decision:evaluate_and_execute:45 - DOGE-USD: HOLD. Reason: No clear consensus
2026-09-18 13:56:05.346 | DEBUG    | engine.decision:evaluate_and_execute:45 - ETH-USD: HOLD. Reason: No clear consensus
2026-09-18 13:56:06.277 | DEBUG    | engine.decision:evaluate_and_execute:45 - SPY: HOLD. Reason: No clear consensus
2026-09-18 13:56:09.969 | DEBUG    | engine.decision:evaluate_and_execute:45 - DOGE-USD: HOLD. Reason: No clear consensus
2026-09-18 13:56:10.900 | DEBUG    | engine.decision:evaluate_and_execute:45 - ETH-USD: HOLD. Reason: No clear consensus
2026-09-18 13:56:11.806 | DEBUG    | engine.decision:evaluate_and_execute:45 - SPY: HOLD. Reason: No clear consensus
2026-09-18 13:56:15.464 | DEBUG    | engine.decision:evaluate_and_execute:45 - DOGE-USD: HOLD. Reason: No clear consensus
2026-09-18 13:56:16.380 | DEBUG    | engine.decision:evaluate_and_execute:45 - ETH-USD: HOLD. Reason: No clear consensus
2026-09-18 13:56:17.291 | DEBUG    | engine.decision:evaluate_and_execute:45 - SPY: HOLD. Reason: No clear consensus
2026-09-18 13:56:20.978 | DEBUG    | engine.decision:evaluate_and_execute:45 - DOGE-USD: HOLD. Reason: No clear consensus
2026-09-18 13:56:21.971 | DEBUG    | engine.decision:evaluate_and_execute:45 - ETH-USD: HOLD. Reason: No clear consensus
2026-09-18 13:56:22.826 | DEBUG    | engine.decision:evaluate_and_execute:45 - SPY: HOLD. Reason: No clear consensus
2026-09-18 13:56:26.456 | DEBUG    | engine.decision:evaluate_and_execute:45 - DOGE-USD: HOLD. Reason: No clear consensus
2026-09-18 13:56:27.430 | DEBUG    | engine.decision:evaluate_and_execute:45 - ETH-USD: HOLD. Reason: No clear consensus
2026-09-18 13:56:28.329 | DEBUG    | engine.decision:evaluate_and_execute:45 - SPY: HOLD. Reason: No clear consensus
2026-09-18 13:56:32.048 | DEBUG    | engine.decision:evaluate_and_execute:45 - DOGE-USD: HOLD. Reason: No clear consensus
2026-09-18 13:56:32.996 | DEBUG    | engine.decision:evaluate_and_execute:45 - ETH-USD: HOLD. Reason: No clear consensus
2026-09-18 13:56:33.908 | DEBUG    | engine.decision:evaluate_and_execute:45 - SPY: HOLD. Reason: No clear consensus
2026-09-18 13:56:37.515 | DEBUG    | engine.decision:evaluate_and_execute:45 - DOGE-USD: HOLD. Reason: No clear consensus
2026-09-18 13:56:38.468 | DEBUG    | engine.decision:evaluate_and_execute:45 - ETH-USD: HOLD. Reason: No clear consensus
2026-09-18 13:56:39.399 | DEBUG    | engine.decision:evaluate_and_execute:45 - SPY: HOLD. Reason: No clear consensus
2026-09-18 13:56:43.044 | DEBUG    | engine.decision:evaluate_and_execute:45 - DOGE-USD: HOLD. Reason: No clear consensus
2026-09-18 13:56:44.053 | DEBUG    | engine.decision:evaluate_and_execute:45 - ETH-USD: HOLD. Reason: No clear consensus
2026-09-18 13:56:44.947 | DEBUG    | engine.decision:evaluate_and_execute:45 - SPY: HOLD. Reason: No clear consensus
2026-09-18 13:56:48.559 | DEBUG    | engine.decision:evaluate_and_execute:45 - DOGE-USD: HOLD. Reason: No clear consensus
2026-09-18 13:56:49.533 | DEBUG    | engine.decision:evaluate_and_execute:45 - ETH-USD: HOLD. Reason: No clear consensus
2026-09-18 13:56:50.444 | DEBUG    | engine.decision:evaluate_and_execute:45 - SPY: HOLD. Reason: No clear consensus
2026-09-18 13:56:54.089 | DEBUG    | engine.decision:evaluate_and_execute:45 - DOGE-USD: HOLD. Reason: No clear consensus
2026-09-18 13:56:55.115 | DEBUG    | engine.decision:evaluate_and_execute:45 - ETH-USD: HOLD. Reason: No clear consensus
2026-09-18 13:56:56.086 | DEBUG    | engine.decision:evaluate_and_execute:45 - SPY: HOLD. Reason: No clear consensus
2026-09-18 13:56:59.564 | DEBUG    | engine.decision:evaluate_and_execute:45 - DOGE-USD: HOLD. Reason: No clear consensus
2026-09-18 13:57:00.600 | DEBUG    | engine.decision:evaluate_and_execute:45 - ETH-USD: HOLD. Reason: No clear consensus
2026-09-18 13:57:01.553 | DEBUG    | engine.decision:evaluate_and_execute:45 - SPY: HOLD. Reason: No clear consensus
2026-09-18 13:57:05.070 | DEBUG    | engine.decision:evaluate_and_execute:45 - DOGE-USD: HOLD. Reason: No clear consensus
2026-09-18 13:57:06.206 | DEBUG    | engine.decision:evaluate_and_execute:45 - ETH-USD: HOLD. Reason: No clear consensus
2026-09-18 13:57:07.099 | DEBUG    | engine.decision:evaluate_and_execute:45 - SPY: HOLD. Reason: No clear consensus
2026-09-18 13:57:10.586 | DEBUG    | engine.decision:evaluate_and_execute:45 - DOGE-USD: HOLD. Reason: No clear consensus
2026-09-18 13:57:11.660 | DEBUG    | engine.decision:evaluate_and_execute:45 - ETH-USD: HOLD. Reason: No clear consensus
2026-09-18 13:57:12.564 | DEBUG    | engine.decision:evaluate_and_execute:45 - SPY: HOLD. Reason: No clear consensus
2026-09-18 13:57:16.122 | DEBUG    | engine.decision:evaluate_and_execute:45 - DOGE-USD: HOLD. Reason: No clear consensus
2026-09-18 13:57:17.199 | DEBUG    | engine.decision:evaluate_and_execute:45 - ETH-USD: HOLD. Reason: No clear consensus
2026-09-18 13:57:18.069 | DEBUG    | engine.decision:evaluate_and_execute:45 - SPY: HOLD. Reason: No clear consensus
2026-09-18 13:57:21.623 | DEBUG    | engine.decision:evaluate_and_execute:45 - DOGE-USD: HOLD. Reason: No clear consensus
2026-09-18 13:57:22.779 | DEBUG    | engine.decision:evaluate_and_execute:45 - ETH-USD: HOLD. Reason: No clear consensus
2026-09-18 13:57:23.507 | DEBUG    | engine.decision:evaluate_and_execute:45 - SPY: HOLD. Reason: No clear consensus
2026-09-18 13:57:27.180 | DEBUG    | engine.decision:evaluate_and_execute:45 - DOGE-USD: HOLD. Reason: No clear consensus
2026-09-18 13:57:28.291 | DEBUG    | engine.decision:evaluate_and_execute:45 - ETH-USD: HOLD. Reason: No clear consensus
2026-09-18 13:57:29.068 | DEBUG    | engine.decision:evaluate_and_execute:45 - SPY: HOLD. Reason: No clear consensus
2026-09-18 13:57:32.682 | DEBUG    | engine.decision:evaluate_and_execute:45 - DOGE-USD: HOLD. Reason: No clear consensus
2026-09-18 13:57:33.763 | DEBUG    | engine.decision:evaluate_and_execute:45 - ETH-USD: HOLD. Reason: No clear consensus
2026-09-18 13:57:34.551 | DEBUG    | engine.decision:evaluate_and_execute:45 - SPY: HOLD. Reason: No clear consensus
2026-09-18 13:57:38.226 | DEBUG    | engine.decision:evaluate_and_execute:45 - DOGE-USD: HOLD. Reason: No clear consensus
2026-09-18 13:57:39.269 | DEBUG    | engine.decision:evaluate_and_execute:45 - ETH-USD: HOLD. Reason: No clear consensus
2026-09-18 13:57:40.084 | DEBUG    | engine.decision:evaluate_and_execute:45 - SPY: HOLD. Reason: No clear consensus
2026-09-18 13:57:43.792 | DEBUG    | engine.decision:evaluate_and_execute:45 - DOGE-USD: HOLD. Reason: No clear consensus
2026-09-18 13:57:44.792 | DEBUG    | engine.decision:evaluate_and_execute:45 - ETH-USD: HOLD. Reason: No clear consensus
2026-09-18 13:57:45.546 | DEBUG    | engine.decision:evaluate_and_execute:45 - SPY: HOLD. Reason: No clear consensus
2026-09-18 13:57:49.325 | DEBUG    | engine.decision:evaluate_and_execute:45 - DOGE-USD: HOLD. Reason: No clear consensus
2026-09-18 13:57:50.362 | DEBUG    | engine.decision:evaluate_and_execute:45 - ETH-USD: HOLD. Reason: No clear consensus
2026-09-18 13:57:51.082 | DEBUG    | engine.decision:evaluate_and_execute:45 - SPY: HOLD. Reason: No clear consensus
2026-09-18 13:57:54.811 | DEBUG    | engine.decision:evaluate_and_execute:45 - DOGE-USD: HOLD. Reason: No clear consensus
2026-09-18 13:57:55.810 | DEBUG    | engine.decision:evaluate_and_execute:45 - ETH-USD: HOLD. Reason: No clear consensus
2026-09-18 13:57:56.529 | DEBUG    | engine.decision:evaluate_and_execute:45 - SPY: HOLD. Reason: No clear consensus
2026-09-18 13:58:00.325 | DEBUG    | engine.decision:evaluate_and_execute:45 - DOGE-USD: HOLD. Reason: No clear consensus
2026-09-18 13:58:01.416 | DEBUG    | engine.decision:evaluate_and_execute:45 - ETH-USD: HOLD. Reason: No clear consensus
2026-09-18 13:58:02.036 | DEBUG    | engine.decision:evaluate_and_execute:45 - SPY: HOLD. Reason: No clear consensus
2026-09-18 13:58:05.807 | DEBUG    | engine.decision:evaluate_and_execute:45 - DOGE-USD: HOLD. Reason: No clear consensus
2026-09-18 13:58:06.898 | DEBUG    | engine.decision:evaluate_and_execute:45 - ETH-USD: HOLD. Reason: No clear consensus
2026-09-18 13:58:07.487 | DEBUG    | engine.decision:evaluate_and_execute:45 - SPY: HOLD. Reason: No clear consensus
2026-09-18 13:58:11.340 | DEBUG    | engine.decision:evaluate_and_execute:45 - DOGE-USD: HOLD. Reason: No clear consensus
2026-09-18 13:58:12.449 | DEBUG    | engine.decision:evaluate_and_execute:45 - ETH-USD: HOLD. Reason: No clear consensus
2026-09-18 13:58:13.046 | DEBUG    | engine.decision:evaluate_and_execute:45 - SPY: HOLD. Reason: No clear consensus
2026-09-18 13:58:16.813 | DEBUG    | engine.decision:evaluate_and_execute:45 - DOGE-USD: HOLD. Reason: No clear consensus
2026-09-18 13:58:17.926 | DEBUG    | engine.decision:evaluate_and_execute:45 - ETH-USD: HOLD. Reason: No clear consensus
2026-09-18 13:58:18.481 | DEBUG    | engine.decision:evaluate_and_execute:45 - SPY: HOLD. Reason: No clear consensus
2026-09-18 13:58:22.383 | DEBUG    | engine.decision:evaluate_and_execute:45 - DOGE-USD: HOLD. Reason: No clear consensus
2026-09-18 13:58:23.481 | DEBUG    | engine.decision:evaluate_and_execute:45 - ETH-USD: HOLD. Reason: No clear consensus
2026-09-18 13:58:24.037 | DEBUG    | engine.decision:evaluate_and_execute:45 - SPY: HOLD. Reason: No clear consensus
2026-09-18 13:58:27.869 | DEBUG    | engine.decision:evaluate_and_execute:45 - DOGE-USD: HOLD. Reason: No clear consensus
2026-09-18 13:58:29.001 | DEBUG    | engine.decision:evaluate_and_execute:45 - ETH-USD: HOLD. Reason: No clear consensus
2026-09-18 13:58:29.483 | DEBUG    | engine.decision:evaluate_and_execute:45 - SPY: HOLD. Reason: No clear consensus
2026-09-18 13:58:33.401 | DEBUG    | engine.decision:evaluate_and_execute:45 - DOGE-USD: HOLD. Reason: No clear consensus
2026-09-18 13:58:34.560 | DEBUG    | engine.decision:evaluate_and_execute:45 - ETH-USD: HOLD. Reason: No clear consensus
2026-09-18 13:58:34.974 | DEBUG    | engine.decision:evaluate_and_execute:45 - SPY: HOLD. Reason: No clear consensus
2026-09-18 13:58:38.847 | WARNING  | engine.filter:is_viable:46 - Trade DOGE-USD rejected: Expected Net Return (-0.00%) < Min required (0.50%)
2026-09-18 13:58:38.949 | WARNING  | engine.filter:is_viable:46 - Trade DOGE-USD rejected: Expected Net Return (-0.00%) < Min required (0.50%)
2026-09-18 13:58:38.949 | WARNING  | engine.decision:evaluate_and_execute:58 - DOGE-USD: Trade is not viable due to costs/low expected return.
2026-09-18 13:58:40.115 | DEBUG    | engine.decision:evaluate_and_execute:45 - ETH-USD: HOLD. Reason: No clear consensus
2026-09-18 13:58:40.549 | DEBUG    | engine.decision:evaluate_and_execute:45 - SPY: HOLD. Reason: No clear consensus
2026-09-18 13:58:44.538 | DEBUG    | engine.decision:evaluate_and_execute:45 - DOGE-USD: HOLD. Reason: No clear consensus
2026-09-18 13:58:45.755 | DEBUG    | engine.decision:evaluate_and_execute:45 - ETH-USD: HOLD. Reason: No clear consensus
2026-09-18 13:58:46.216 | DEBUG    | engine.decision:evaluate_and_execute:45 - SPY: HOLD. Reason: No clear consensus
2026-09-18 13:58:50.007 | DEBUG    | engine.decision:evaluate_and_execute:45 - DOGE-USD: HOLD. Reason: No clear consensus
2026-09-18 13:58:51.360 | DEBUG    | engine.decision:evaluate_and_execute:45 - ETH-USD: HOLD. Reason: No clear consensus
2026-09-18 13:58:51.786 | DEBUG    | engine.decision:evaluate_and_execute:45 - SPY: HOLD. Reason: No clear consensus
2026-09-18 13:58:55.575 | DEBUG    | engine.decision:evaluate_and_execute:45 - DOGE-USD: HOLD. Reason: No clear consensus
2026-09-18 13:58:57.124 | DEBUG    | engine.decision:evaluate_and_execute:45 - ETH-USD: HOLD. Reason: No clear consensus
2026-09-18 13:58:57.455 | DEBUG    | engine.decision:evaluate_and_execute:45 - SPY: HOLD. Reason: No clear consensus
2026-09-18 13:59:01.056 | WARNING  | engine.filter:is_viable:46 - Trade DOGE-USD rejected: Expected Net Return (-0.00%) < Min required (0.50%)
2026-09-18 13:59:01.161 | WARNING  | engine.filter:is_viable:46 - Trade DOGE-USD rejected: Expected Net Return (-0.00%) < Min required (0.50%)
2026-09-18 13:59:01.161 | WARNING  | engine.decision:evaluate_and_execute:58 - DOGE-USD: Trade is not viable due to costs/low expected return.
2026-09-18 13:59:02.640 | WARNING  | engine.filter:is_viable:46 - Trade ETH-USD rejected: Expected Net Return (-0.04%) < Min required (0.50%)
2026-09-18 13:59:02.938 | DEBUG    | engine.decision:evaluate_and_execute:45 - SPY: HOLD. Reason: No clear consensus
2026-09-18 13:59:03.006 | WARNING  | engine.filter:is_viable:46 - Trade ETH-USD rejected: Expected Net Return (-0.04%) < Min required (0.50%)
2026-09-18 13:59:03.007 | WARNING  | engine.decision:evaluate_and_execute:58 - ETH-USD: Trade is not viable due to costs/low expected return.
2026-09-18 13:59:06.721 | DEBUG    | engine.decision:evaluate_and_execute:45 - DOGE-USD: HOLD. Reason: No clear consensus
2026-09-18 13:59:08.623 | DEBUG    | engine.decision:evaluate_and_execute:45 - SPY: HOLD. Reason: No clear consensus
2026-09-18 13:59:08.956 | DEBUG    | engine.decision:evaluate_and_execute:45 - ETH-USD: HOLD. Reason: No clear consensus
2026-09-18 13:59:12.250 | DEBUG    | engine.decision:evaluate_and_execute:45 - DOGE-USD: HOLD. Reason: No clear consensus
2026-09-18 13:59:14.166 | DEBUG    | engine.decision:evaluate_and_execute:45 - SPY: HOLD. Reason: No clear consensus
2026-09-18 13:59:14.625 | DEBUG    | engine.decision:evaluate_and_execute:45 - ETH-USD: HOLD. Reason: No clear consensus
2026-09-18 13:59:17.870 | DEBUG    | engine.decision:evaluate_and_execute:45 - DOGE-USD: HOLD. Reason: No clear consensus
2026-09-18 13:59:19.963 | DEBUG    | engine.decision:evaluate_and_execute:45 - SPY: HOLD. Reason: No clear consensus
2026-09-18 13:59:20.336 | DEBUG    | engine.decision:evaluate_and_execute:45 - ETH-USD: HOLD. Reason: No clear consensus
2026-09-18 13:59:23.338 | DEBUG    | engine.decision:evaluate_and_execute:45 - DOGE-USD: HOLD. Reason: No clear consensus
2026-09-18 13:59:25.474 | DEBUG    | engine.decision:evaluate_and_execute:45 - SPY: HOLD. Reason: No clear consensus
2026-09-18 13:59:25.941 | WARNING  | engine.filter:is_viable:46 - Trade ETH-USD rejected: Expected Net Return (-0.04%) < Min required (0.50%)
2026-09-18 13:59:26.041 | WARNING  | engine.filter:is_viable:46 - Trade ETH-USD rejected: Expected Net Return (-0.04%) < Min required (0.50%)
2026-09-18 13:59:26.042 | WARNING  | engine.decision:evaluate_and_execute:58 - ETH-USD: Trade is not viable due to costs/low expected return.
2026-09-18 13:59:28.876 | DEBUG    | engine.decision:evaluate_and_execute:45 - DOGE-USD: HOLD. Reason: No clear consensus
2026-09-18 13:59:31.111 | DEBUG    | engine.decision:evaluate_and_execute:45 - SPY: HOLD. Reason: No clear consensus
2026-09-18 13:59:31.627 | DEBUG    | engine.decision:evaluate_and_execute:45 - ETH-USD: HOLD. Reason: No clear consensus
2026-09-18 13:59:34.414 | DEBUG    | engine.decision:evaluate_and_execute:45 - DOGE-USD: HOLD. Reason: No clear consensus
2026-09-18 13:59:36.639 | DEBUG    | engine.decision:evaluate_and_execute:45 - SPY: HOLD. Reason: No clear consensus
2026-09-18 13:59:37.115 | DEBUG    | engine.decision:evaluate_and_execute:45 - ETH-USD: HOLD. Reason: No clear consensus
2026-09-18 13:59:39.950 | WARNING  | engine.filter:is_viable:46 - Trade DOGE-USD rejected: Expected Net Return (-0.00%) < Min required (0.50%)
2026-09-18 13:59:40.059 | WARNING  | engine.filter:is_viable:46 - Trade DOGE-USD rejected: Expected Net Return (-0.00%) < Min required (0.50%)
2026-09-18 13:59:40.059 | WARNING  | engine.decision:evaluate_and_execute:58 - DOGE-USD: Trade is not viable due to costs/low expected return.
2026-09-18 13:59:42.147 | DEBUG    | engine.decision:evaluate_and_execute:45 - SPY: HOLD. Reason: No clear consensus
2026-09-18 13:59:42.625 | DEBUG    | engine.decision:evaluate_and_execute:45 - ETH-USD: HOLD. Reason: No clear consensus
2026-09-18 13:59:45.522 | DEBUG    | engine.decision:evaluate_and_execute:45 - DOGE-USD: HOLD. Reason: No clear consensus
2026-09-18 13:59:47.679 | DEBUG    | engine.decision:evaluate_and_execute:45 - SPY: HOLD. Reason: No clear consensus
2026-09-18 13:59:48.120 | DEBUG    | engine.decision:evaluate_and_execute:45 - ETH-USD: HOLD. Reason: No clear consensus
2026-09-18 13:59:51.108 | DEBUG    | engine.decision:evaluate_and_execute:45 - DOGE-USD: HOLD. Reason: No clear consensus
2026-09-18 13:59:53.262 | DEBUG    | engine.decision:evaluate_and_execute:45 - SPY: HOLD. Reason: No clear consensus
2026-09-18 13:59:53.703 | DEBUG    | engine.decision:evaluate_and_execute:45 - ETH-USD: HOLD. Reason: No clear consensus
2026-09-18 13:59:56.650 | DEBUG    | engine.decision:evaluate_and_execute:45 - DOGE-USD: HOLD. Reason: No clear consensus
2026-09-18 13:59:58.795 | DEBUG    | engine.decision:evaluate_and_execute:45 - SPY: HOLD. Reason: No clear consensus
2026-09-18 13:59:59.298 | DEBUG    | engine.decision:evaluate_and_execute:45 - ETH-USD: HOLD. Reason: No clear consensus
2026-09-18 14:00:02.231 | DEBUG    | engine.decision:evaluate_and_execute:45 - DOGE-USD: HOLD. Reason: No clear consensus
2026-09-18 14:00:04.452 | DEBUG    | engine.decision:evaluate_and_execute:45 - SPY: HOLD. Reason: No clear consensus
2026-09-18 14:00:04.899 | DEBUG    | engine.decision:evaluate_and_execute:45 - ETH-USD: HOLD. Reason: No clear consensus
2026-09-18 14:00:07.714 | DEBUG    | engine.decision:evaluate_and_execute:45 - DOGE-USD: HOLD. Reason: No clear consensus
2026-09-18 14:00:09.989 | DEBUG    | engine.decision:evaluate_and_execute:45 - SPY: HOLD. Reason: No clear consensus
2026-09-18 14:00:10.456 | DEBUG    | engine.decision:evaluate_and_execute:45 - ETH-USD: HOLD. Reason: No clear consensus
2026-09-18 14:00:13.249 | DEBUG    | engine.decision:evaluate_and_execute:45 - DOGE-USD: HOLD. Reason: No clear consensus
2026-09-18 14:00:15.608 | DEBUG    | engine.decision:evaluate_and_execute:45 - SPY: HOLD. Reason: No clear consensus
2026-09-18 14:00:16.063 | DEBUG    | engine.decision:evaluate_and_execute:45 - ETH-USD: HOLD. Reason: No clear consensus
2026-09-18 14:00:18.726 | DEBUG    | engine.decision:evaluate_and_execute:45 - DOGE-USD: HOLD. Reason: No clear consensus
2026-09-18 14:00:21.147 | DEBUG    | engine.decision:evaluate_and_execute:45 - SPY: HOLD. Reason: No clear consensus
2026-09-18 14:00:21.588 | DEBUG    | engine.decision:evaluate_and_execute:45 - ETH-USD: HOLD. Reason: No clear consensus
2026-09-18 14:00:24.282 | DEBUG    | engine.decision:evaluate_and_execute:45 - DOGE-USD: HOLD. Reason: No clear consensus
2026-09-18 14:00:26.752 | DEBUG    | engine.decision:evaluate_and_execute:45 - SPY: HOLD. Reason: No clear consensus
2026-09-18 14:00:27.218 | DEBUG    | engine.decision:evaluate_and_execute:45 - ETH-USD: HOLD. Reason: No clear consensus
2026-09-18 14:00:29.758 | DEBUG    | engine.decision:evaluate_and_execute:45 - DOGE-USD: HOLD. Reason: No clear consensus
2026-09-18 14:00:32.311 | DEBUG    | engine.decision:evaluate_and_execute:45 - SPY: HOLD. Reason: No clear consensus
2026-09-18 14:00:32.794 | DEBUG    | engine.decision:evaluate_and_execute:45 - ETH-USD: HOLD. Reason: No clear consensus
2026-09-18 14:00:35.311 | DEBUG    | engine.decision:evaluate_and_execute:45 - DOGE-USD: HOLD. Reason: No clear consensus
2026-09-18 14:00:37.977 | DEBUG    | engine.decision:evaluate_and_execute:45 - SPY: HOLD. Reason: No clear consensus
2026-09-18 14:00:38.460 | DEBUG    | engine.decision:evaluate_and_execute:45 - ETH-USD: HOLD. Reason: No clear consensus
2026-09-18 14:00:40.812 | DEBUG    | engine.decision:evaluate_and_execute:45 - DOGE-USD: HOLD. Reason: No clear consensus
2026-09-18 14:00:43.585 | DEBUG    | engine.decision:evaluate_and_execute:45 - SPY: HOLD. Reason: No clear consensus
2026-09-18 14:00:44.032 | DEBUG    | engine.decision:evaluate_and_execute:45 - ETH-USD: HOLD. Reason: No clear consensus
2026-09-18 14:00:46.345 | DEBUG    | engine.decision:evaluate_and_execute:45 - DOGE-USD: HOLD. Reason: No clear consensus
2026-09-18 14:00:49.352 | DEBUG    | engine.decision:evaluate_and_execute:45 - SPY: HOLD. Reason: No clear consensus
2026-09-18 14:00:49.722 | DEBUG    | engine.decision:evaluate_and_execute:45 - ETH-USD: HOLD. Reason: No clear consensus
2026-09-18 14:00:51.840 | DEBUG    | engine.decision:evaluate_and_execute:45 - DOGE-USD: HOLD. Reason: No clear consensus
2026-09-18 14:00:54.883 | DEBUG    | engine.decision:evaluate_and_execute:45 - SPY: HOLD. Reason: No clear consensus
2026-09-18 14:00:55.332 | DEBUG    | engine.decision:evaluate_and_execute:45 - ETH-USD: HOLD. Reason: No clear consensus
2026-09-18 14:00:57.419 | DEBUG    | engine.decision:evaluate_and_execute:45 - DOGE-USD: HOLD. Reason: No clear consensus
2026-09-18 14:01:00.519 | DEBUG    | engine.decision:evaluate_and_execute:45 - SPY: HOLD. Reason: No clear consensus
2026-09-18 14:01:01.011 | DEBUG    | engine.decision:evaluate_and_execute:45 - ETH-USD: HOLD. Reason: No clear consensus
2026-09-18 14:01:03.028 | DEBUG    | engine.decision:evaluate_and_execute:45 - DOGE-USD: HOLD. Reason: No clear consensus
2026-09-18 14:01:06.069 | DEBUG    | engine.decision:evaluate_and_execute:45 - SPY: HOLD. Reason: No clear consensus
2026-09-18 14:01:06.535 | DEBUG    | engine.decision:evaluate_and_execute:45 - ETH-USD: HOLD. Reason: No clear consensus
2026-09-18 14:01:08.604 | DEBUG    | engine.decision:evaluate_and_execute:45 - DOGE-USD: HOLD. Reason: No clear consensus
2026-09-18 14:01:11.695 | DEBUG    | engine.decision:evaluate_and_execute:45 - SPY: HOLD. Reason: No clear consensus
2026-09-18 14:01:12.135 | DEBUG    | engine.decision:evaluate_and_execute:45 - ETH-USD: HOLD. Reason: No clear consensus
2026-09-18 14:01:14.086 | DEBUG    | engine.decision:evaluate_and_execute:45 - DOGE-USD: HOLD. Reason: No clear consensus
2026-09-18 14:01:17.210 | DEBUG    | engine.decision:evaluate_and_execute:45 - SPY: HOLD. Reason: No clear consensus
2026-09-18 14:01:17.682 | DEBUG    | engine.decision:evaluate_and_execute:45 - ETH-USD: HOLD. Reason: No clear consensus
2026-09-18 14:01:19.631 | DEBUG    | engine.decision:evaluate_and_execute:45 - DOGE-USD: HOLD. Reason: No clear consensus
2026-09-18 14:01:22.834 | DEBUG    | engine.decision:evaluate_and_execute:45 - SPY: HOLD. Reason: No clear consensus
2026-09-18 14:01:23.288 | DEBUG    | engine.decision:evaluate_and_execute:45 - ETH-USD: HOLD. Reason: No clear consensus
2026-09-18 14:01:25.104 | DEBUG    | engine.decision:evaluate_and_execute:45 - DOGE-USD: HOLD. Reason: No clear consensus
2026-09-18 14:01:28.379 | DEBUG    | engine.decision:evaluate_and_execute:45 - SPY: HOLD. Reason: No clear consensus
2026-09-18 14:01:28.833 | DEBUG    | engine.decision:evaluate_and_execute:45 - ETH-USD: HOLD. Reason: No clear consensus
2026-09-18 14:01:30.626 | DEBUG    | engine.decision:evaluate_and_execute:45 - DOGE-USD: HOLD. Reason: No clear consensus
2026-09-18 14:01:34.018 | DEBUG    | engine.decision:evaluate_and_execute:45 - SPY: HOLD. Reason: No clear consensus
2026-09-18 14:01:34.475 | DEBUG    | engine.decision:evaluate_and_execute:45 - ETH-USD: HOLD. Reason: No clear consensus
2026-09-18 14:01:36.264 | DEBUG    | engine.decision:evaluate_and_execute:45 - DOGE-USD: HOLD. Reason: No clear consensus
2026-09-18 14:01:39.560 | DEBUG    | engine.decision:evaluate_and_execute:45 - SPY: HOLD. Reason: No clear consensus
2026-09-18 14:01:40.019 | DEBUG    | engine.decision:evaluate_and_execute:45 - ETH-USD: HOLD. Reason: No clear consensus
2026-09-18 14:01:41.847 | DEBUG    | engine.decision:evaluate_and_execute:45 - DOGE-USD: HOLD. Reason: No clear consensus
2026-09-18 14:01:45.173 | DEBUG    | engine.decision:evaluate_and_execute:45 - SPY: HOLD. Reason: No clear consensus
2026-09-18 14:01:45.617 | DEBUG    | engine.decision:evaluate_and_execute:45 - ETH-USD: HOLD. Reason: No clear consensus
2026-09-18 14:01:47.340 | WARNING  | engine.filter:is_viable:46 - Trade DOGE-USD rejected: Expected Net Return (-0.01%) < Min required (0.50%)
2026-09-18 14:01:47.447 | WARNING  | engine.filter:is_viable:46 - Trade DOGE-USD rejected: Expected Net Return (-0.01%) < Min required (0.50%)
2026-09-18 14:01:47.448 | WARNING  | engine.decision:evaluate_and_execute:58 - DOGE-USD: Trade is not viable due to costs/low expected return.
2026-09-18 14:01:50.708 | DEBUG    | engine.decision:evaluate_and_execute:45 - SPY: HOLD. Reason: No clear consensus
2026-09-18 14:01:51.163 | DEBUG    | engine.decision:evaluate_and_execute:45 - ETH-USD: HOLD. Reason: No clear consensus
2026-09-18 14:01:52.986 | DEBUG    | engine.decision:evaluate_and_execute:45 - DOGE-USD: HOLD. Reason: No clear consensus
2026-09-18 14:01:56.305 | DEBUG    | engine.decision:evaluate_and_execute:45 - SPY: HOLD. Reason: No clear consensus
2026-09-18 14:01:56.779 | WARNING  | engine.filter:is_viable:46 - Trade ETH-USD rejected: Expected Net Return (-0.04%) < Min required (0.50%)
2026-09-18 14:01:56.880 | WARNING  | engine.filter:is_viable:46 - Trade ETH-USD rejected: Expected Net Return (-0.04%) < Min required (0.50%)
2026-09-18 14:01:56.881 | WARNING  | engine.decision:evaluate_and_execute:58 - ETH-USD: Trade is not viable due to costs/low expected return.
2026-09-18 14:01:58.470 | DEBUG    | engine.decision:evaluate_and_execute:45 - DOGE-USD: HOLD. Reason: No clear consensus
2026-09-18 14:02:01.842 | DEBUG    | engine.decision:evaluate_and_execute:45 - SPY: HOLD. Reason: No clear consensus
2026-09-18 14:02:02.304 | DEBUG    | engine.decision:evaluate_and_execute:45 - ETH-USD: HOLD. Reason: No clear consensus
2026-09-18 14:02:04.029 | DEBUG    | engine.decision:evaluate_and_execute:45 - DOGE-USD: HOLD. Reason: No clear consensus
2026-09-18 14:02:07.411 | DEBUG    | engine.decision:evaluate_and_execute:45 - SPY: HOLD. Reason: No clear consensus
2026-09-18 14:02:07.870 | DEBUG    | engine.decision:evaluate_and_execute:45 - ETH-USD: HOLD. Reason: No clear consensus
2026-09-18 14:02:09.528 | DEBUG    | engine.decision:evaluate_and_execute:45 - DOGE-USD: HOLD. Reason: No clear consensus
2026-09-18 14:02:12.932 | DEBUG    | engine.decision:evaluate_and_execute:45 - SPY: HOLD. Reason: No clear consensus
2026-09-18 14:02:13.386 | DEBUG    | engine.decision:evaluate_and_execute:45 - ETH-USD: HOLD. Reason: No clear consensus
2026-09-18 14:02:15.087 | DEBUG    | engine.decision:evaluate_and_execute:45 - DOGE-USD: HOLD. Reason: No clear consensus
2026-09-18 14:02:18.527 | DEBUG    | engine.decision:evaluate_and_execute:45 - SPY: HOLD. Reason: No clear consensus
2026-09-18 14:02:18.979 | DEBUG    | engine.decision:evaluate_and_execute:45 - ETH-USD: HOLD. Reason: No clear consensus
2026-09-18 14:02:20.598 | DEBUG    | engine.decision:evaluate_and_execute:45 - DOGE-USD: HOLD. Reason: No clear consensus
2026-09-18 14:02:24.068 | DEBUG    | engine.decision:evaluate_and_execute:45 - SPY: HOLD. Reason: No clear consensus
2026-09-18 14:02:24.509 | DEBUG    | engine.decision:evaluate_and_execute:45 - ETH-USD: HOLD. Reason: No clear consensus
2026-09-18 14:02:26.193 | DEBUG    | engine.decision:evaluate_and_execute:45 - DOGE-USD: HOLD. Reason: No clear consensus
2026-09-18 14:02:29.940 | DEBUG    | engine.decision:evaluate_and_execute:45 - SPY: HOLD. Reason: No clear consensus
2026-09-18 14:02:30.325 | DEBUG    | engine.decision:evaluate_and_execute:45 - ETH-USD: HOLD. Reason: No clear consensus
2026-09-18 14:02:31.647 | DEBUG    | engine.decision:evaluate_and_execute:45 - DOGE-USD: HOLD. Reason: No clear consensus
2026-09-18 14:02:35.434 | DEBUG    | engine.decision:evaluate_and_execute:45 - SPY: HOLD. Reason: No clear consensus
2026-09-18 14:02:35.944 | DEBUG    | engine.decision:evaluate_and_execute:45 - ETH-USD: HOLD. Reason: No clear consensus
2026-09-18 14:02:37.286 | DEBUG    | engine.decision:evaluate_and_execute:45 - DOGE-USD: HOLD. Reason: No clear consensus
2026-09-18 14:02:41.387 | DEBUG    | engine.decision:evaluate_and_execute:45 - SPY: HOLD. Reason: No clear consensus
2026-09-18 14:02:41.754 | DEBUG    | engine.decision:evaluate_and_execute:45 - ETH-USD: HOLD. Reason: No clear consensus
2026-09-18 14:02:42.736 | DEBUG    | engine.decision:evaluate_and_execute:45 - DOGE-USD: HOLD. Reason: No clear consensus
2026-09-18 14:02:46.860 | DEBUG    | engine.decision:evaluate_and_execute:45 - SPY: HOLD. Reason: No clear consensus
2026-09-18 14:02:47.438 | DEBUG    | engine.decision:evaluate_and_execute:45 - ETH-USD: HOLD. Reason: No clear consensus
2026-09-18 14:02:48.265 | DEBUG    | engine.decision:evaluate_and_execute:45 - DOGE-USD: HOLD. Reason: No clear consensus
2026-09-18 14:02:52.440 | DEBUG    | engine.decision:evaluate_and_execute:45 - SPY: HOLD. Reason: No clear consensus
2026-09-18 14:02:53.038 | DEBUG    | engine.decision:evaluate_and_execute:45 - ETH-USD: HOLD. Reason: No clear consensus
2026-09-18 14:02:53.735 | DEBUG    | engine.decision:evaluate_and_execute:45 - DOGE-USD: HOLD. Reason: No clear consensus
2026-09-18 14:02:57.895 | DEBUG    | engine.decision:evaluate_and_execute:45 - SPY: HOLD. Reason: No clear consensus
2026-09-18 14:02:58.580 | DEBUG    | engine.decision:evaluate_and_execute:45 - ETH-USD: HOLD. Reason: No clear consensus
2026-09-18 14:02:59.253 | DEBUG    | engine.decision:evaluate_and_execute:45 - DOGE-USD: HOLD. Reason: No clear consensus
2026-09-18 14:03:03.430 | DEBUG    | engine.decision:evaluate_and_execute:45 - SPY: HOLD. Reason: No clear consensus
2026-09-18 14:03:04.198 | DEBUG    | engine.decision:evaluate_and_execute:45 - ETH-USD: HOLD. Reason: No clear consensus
2026-09-18 14:03:04.719 | DEBUG    | engine.decision:evaluate_and_execute:45 - DOGE-USD: HOLD. Reason: No clear consensus
2026-09-18 14:03:08.876 | DEBUG    | engine.decision:evaluate_and_execute:45 - SPY: HOLD. Reason: No clear consensus
2026-09-18 14:03:09.783 | DEBUG    | engine.decision:evaluate_and_execute:45 - ETH-USD: HOLD. Reason: No clear consensus
2026-09-18 14:03:10.329 | DEBUG    | engine.decision:evaluate_and_execute:45 - DOGE-USD: HOLD. Reason: No clear consensus
2026-09-18 14:03:14.427 | DEBUG    | engine.decision:evaluate_and_execute:45 - SPY: HOLD. Reason: No clear consensus
2026-09-18 14:03:15.467 | DEBUG    | engine.decision:evaluate_and_execute:45 - ETH-USD: HOLD. Reason: No clear consensus
2026-09-18 14:03:15.927 | DEBUG    | engine.decision:evaluate_and_execute:45 - DOGE-USD: HOLD. Reason: No clear consensus
2026-09-18 14:03:19.871 | DEBUG    | engine.decision:evaluate_and_execute:45 - SPY: HOLD. Reason: No clear consensus
2026-09-18 14:03:21.059 | DEBUG    | engine.decision:evaluate_and_execute:45 - ETH-USD: HOLD. Reason: No clear consensus
2026-09-18 14:03:21.512 | DEBUG    | engine.decision:evaluate_and_execute:45 - DOGE-USD: HOLD. Reason: No clear consensus
2026-09-18 14:03:25.395 | DEBUG    | engine.decision:evaluate_and_execute:45 - SPY: HOLD. Reason: No clear consensus
2026-09-18 14:03:26.721 | DEBUG    | engine.decision:evaluate_and_execute:45 - ETH-USD: HOLD. Reason: No clear consensus
2026-09-18 14:03:27.184 | DEBUG    | engine.decision:evaluate_and_execute:45 - DOGE-USD: HOLD. Reason: No clear consensus
2026-09-18 14:03:30.861 | DEBUG    | engine.decision:evaluate_and_execute:45 - SPY: HOLD. Reason: No clear consensus
2026-09-18 14:03:32.381 | DEBUG    | engine.decision:evaluate_and_execute:45 - ETH-USD: HOLD. Reason: No clear consensus
2026-09-18 14:03:32.905 | DEBUG    | engine.decision:evaluate_and_execute:45 - DOGE-USD: HOLD. Reason: No clear consensus
2026-09-18 14:03:36.443 | DEBUG    | engine.decision:evaluate_and_execute:45 - SPY: HOLD. Reason: No clear consensus
2026-09-18 14:03:38.078 | DEBUG    | engine.decision:evaluate_and_execute:45 - ETH-USD: HOLD. Reason: No clear consensus
2026-09-18 14:03:38.573 | DEBUG    | engine.decision:evaluate_and_execute:45 - DOGE-USD: HOLD. Reason: No clear consensus
2026-09-18 14:03:41.907 | DEBUG    | engine.decision:evaluate_and_execute:45 - SPY: HOLD. Reason: No clear consensus
2026-09-18 14:03:43.708 | DEBUG    | engine.decision:evaluate_and_execute:45 - ETH-USD: HOLD. Reason: No clear consensus
2026-09-18 14:03:44.178 | DEBUG    | engine.decision:evaluate_and_execute:45 - DOGE-USD: HOLD. Reason: No clear consensus
2026-09-18 14:03:47.412 | DEBUG    | engine.decision:evaluate_and_execute:45 - SPY: HOLD. Reason: No clear consensus
2026-09-18 14:03:49.534 | DEBUG    | engine.decision:evaluate_and_execute:45 - ETH-USD: HOLD. Reason: No clear consensus
2026-09-18 14:03:49.897 | DEBUG    | engine.decision:evaluate_and_execute:45 - DOGE-USD: HOLD. Reason: No clear consensus
2026-09-18 14:03:52.859 | DEBUG    | engine.decision:evaluate_and_execute:45 - SPY: HOLD. Reason: No clear consensus
2026-09-18 14:03:55.073 | DEBUG    | engine.decision:evaluate_and_execute:45 - ETH-USD: HOLD. Reason: No clear consensus
2026-09-18 14:03:55.656 | DEBUG    | engine.decision:evaluate_and_execute:45 - DOGE-USD: HOLD. Reason: No clear consensus
2026-09-18 14:03:58.369 | DEBUG    | engine.decision:evaluate_and_execute:45 - SPY: HOLD. Reason: No clear consensus
2026-09-18 14:04:00.798 | DEBUG    | engine.decision:evaluate_and_execute:45 - ETH-USD: HOLD. Reason: No clear consensus
2026-09-18 14:04:01.254 | DEBUG    | engine.decision:evaluate_and_execute:45 - DOGE-USD: HOLD. Reason: No clear consensus
2026-09-18 14:04:03.828 | DEBUG    | engine.decision:evaluate_and_execute:45 - SPY: HOLD. Reason: No clear consensus
2026-09-18 14:04:06.384 | DEBUG    | engine.decision:evaluate_and_execute:45 - ETH-USD: HOLD. Reason: No clear consensus
2026-09-18 14:04:06.869 | DEBUG    | engine.decision:evaluate_and_execute:45 - DOGE-USD: HOLD. Reason: No clear consensus
2026-09-18 14:04:09.353 | DEBUG    | engine.decision:evaluate_and_execute:45 - SPY: HOLD. Reason: No clear consensus
2026-09-18 14:04:12.070 | DEBUG    | engine.decision:evaluate_and_execute:45 - ETH-USD: HOLD. Reason: No clear consensus
2026-09-18 14:04:12.542 | DEBUG    | engine.decision:evaluate_and_execute:45 - DOGE-USD: HOLD. Reason: No clear consensus
2026-09-18 14:04:14.817 | DEBUG    | engine.decision:evaluate_and_execute:45 - SPY: HOLD. Reason: No clear consensus
2026-09-18 14:04:17.676 | DEBUG    | engine.decision:evaluate_and_execute:45 - ETH-USD: HOLD. Reason: No clear consensus
2026-09-18 14:04:18.130 | DEBUG    | engine.decision:evaluate_and_execute:45 - DOGE-USD: HOLD. Reason: No clear consensus
2026-09-18 14:04:20.343 | DEBUG    | engine.decision:evaluate_and_execute:45 - SPY: HOLD. Reason: No clear consensus
2026-09-18 14:04:23.331 | DEBUG    | engine.decision:evaluate_and_execute:45 - ETH-USD: HOLD. Reason: No clear consensus
2026-09-18 14:04:23.798 | DEBUG    | engine.decision:evaluate_and_execute:45 - DOGE-USD: HOLD. Reason: No clear consensus
2026-09-18 14:04:25.833 | DEBUG    | engine.decision:evaluate_and_execute:45 - SPY: HOLD. Reason: No clear consensus
2026-09-18 14:04:29.001 | DEBUG    | engine.decision:evaluate_and_execute:45 - ETH-USD: HOLD. Reason: No clear consensus
2026-09-18 14:04:29.482 | DEBUG    | engine.decision:evaluate_and_execute:45 - DOGE-USD: HOLD. Reason: No clear consensus
2026-09-18 14:04:31.351 | DEBUG    | engine.decision:evaluate_and_execute:45 - SPY: HOLD. Reason: No clear consensus
2026-09-18 14:04:34.706 | DEBUG    | engine.decision:evaluate_and_execute:45 - ETH-USD: HOLD. Reason: No clear consensus
2026-09-18 14:04:35.147 | DEBUG    | engine.decision:evaluate_and_execute:45 - DOGE-USD: HOLD. Reason: No clear consensus
2026-09-18 14:04:36.810 | DEBUG    | engine.decision:evaluate_and_execute:45 - SPY: HOLD. Reason: No clear consensus
2026-09-18 14:04:40.333 | WARNING  | engine.filter:is_viable:46 - Trade ETH-USD rejected: Expected Net Return (-0.03%) < Min required (0.50%)
2026-09-18 14:04:40.526 | WARNING  | engine.filter:is_viable:46 - Trade ETH-USD rejected: Expected Net Return (-0.03%) < Min required (0.50%)
2026-09-18 14:04:40.526 | WARNING  | engine.decision:evaluate_and_execute:58 - ETH-USD: Trade is not viable due to costs/low expected return.
2026-09-18 14:04:40.979 | DEBUG    | engine.decision:evaluate_and_execute:45 - DOGE-USD: HOLD. Reason: No clear consensus
2026-09-18 14:04:42.300 | DEBUG    | engine.decision:evaluate_and_execute:45 - SPY: HOLD. Reason: No clear consensus
2026-09-18 14:04:46.156 | DEBUG    | engine.decision:evaluate_and_execute:45 - ETH-USD: HOLD. Reason: No clear consensus
2026-09-18 14:04:46.640 | DEBUG    | engine.decision:evaluate_and_execute:45 - DOGE-USD: HOLD. Reason: No clear consensus
2026-09-18 14:04:47.746 | DEBUG    | engine.decision:evaluate_and_execute:45 - SPY: HOLD. Reason: No clear consensus
2026-09-18 14:04:51.801 | DEBUG    | engine.decision:evaluate_and_execute:45 - ETH-USD: HOLD. Reason: No clear consensus
2026-09-18 14:04:52.272 | DEBUG    | engine.decision:evaluate_and_execute:45 - DOGE-USD: HOLD. Reason: No clear consensus
2026-09-18 14:04:53.306 | DEBUG    | engine.decision:evaluate_and_execute:45 - SPY: HOLD. Reason: No clear consensus
2026-09-18 14:04:57.477 | DEBUG    | engine.decision:evaluate_and_execute:45 - ETH-USD: HOLD. Reason: No clear consensus
2026-09-18 14:04:57.969 | DEBUG    | engine.decision:evaluate_and_execute:45 - DOGE-USD: HOLD. Reason: No clear consensus
2026-09-18 14:04:58.852 | DEBUG    | engine.decision:evaluate_and_execute:45 - SPY: HOLD. Reason: No clear consensus
2026-09-18 14:05:03.057 | DEBUG    | engine.decision:evaluate_and_execute:45 - ETH-USD: HOLD. Reason: No clear consensus
2026-09-18 14:05:03.519 | DEBUG    | engine.decision:evaluate_and_execute:45 - DOGE-USD: HOLD. Reason: No clear consensus
2026-09-18 14:05:04.402 | DEBUG    | engine.decision:evaluate_and_execute:45 - SPY: HOLD. Reason: No clear consensus
2026-09-18 14:05:08.728 | DEBUG    | engine.decision:evaluate_and_execute:45 - ETH-USD: HOLD. Reason: No clear consensus
2026-09-18 14:05:09.203 | DEBUG    | engine.decision:evaluate_and_execute:45 - DOGE-USD: HOLD. Reason: No clear consensus
2026-09-18 14:05:09.914 | DEBUG    | engine.decision:evaluate_and_execute:45 - SPY: HOLD. Reason: No clear consensus
2026-09-18 14:05:14.360 | DEBUG    | engine.decision:evaluate_and_execute:45 - ETH-USD: HOLD. Reason: No clear consensus
2026-09-18 14:05:14.808 | DEBUG    | engine.decision:evaluate_and_execute:45 - DOGE-USD: HOLD. Reason: No clear consensus
2026-09-18 14:05:15.420 | DEBUG    | engine.decision:evaluate_and_execute:45 - SPY: HOLD. Reason: No clear consensus
2026-09-18 14:05:20.139 | DEBUG    | engine.decision:evaluate_and_execute:45 - ETH-USD: HOLD. Reason: No clear consensus
2026-09-18 14:05:20.493 | DEBUG    | engine.decision:evaluate_and_execute:45 - DOGE-USD: HOLD. Reason: No clear consensus
2026-09-18 14:05:20.975 | DEBUG    | engine.decision:evaluate_and_execute:45 - SPY: HOLD. Reason: No clear consensus
2026-09-18 14:05:25.712 | DEBUG    | engine.decision:evaluate_and_execute:45 - ETH-USD: HOLD. Reason: No clear consensus
2026-09-18 14:05:26.163 | DEBUG    | engine.decision:evaluate_and_execute:45 - DOGE-USD: HOLD. Reason: No clear consensus
2026-09-18 14:05:26.677 | DEBUG    | engine.decision:evaluate_and_execute:45 - SPY: HOLD. Reason: No clear consensus
2026-09-18 14:05:31.363 | DEBUG    | engine.decision:evaluate_and_execute:45 - ETH-USD: HOLD. Reason: No clear consensus
2026-09-18 14:05:31.904 | DEBUG    | engine.decision:evaluate_and_execute:45 - DOGE-USD: HOLD. Reason: No clear consensus
2026-09-18 14:05:32.388 | DEBUG    | engine.decision:evaluate_and_execute:45 - SPY: HOLD. Reason: No clear consensus
2026-09-18 14:05:36.836 | DEBUG    | engine.decision:evaluate_and_execute:45 - ETH-USD: HOLD. Reason: No clear consensus
2026-09-18 14:05:37.848 | DEBUG    | engine.decision:evaluate_and_execute:45 - DOGE-USD: HOLD. Reason: No clear consensus
2026-09-18 14:05:38.090 | DEBUG    | engine.decision:evaluate_and_execute:45 - SPY: HOLD. Reason: No clear consensus
2026-09-18 14:05:42.357 | DEBUG    | engine.decision:evaluate_and_execute:45 - ETH-USD: HOLD. Reason: No clear consensus
2026-09-18 14:05:43.498 | DEBUG    | engine.decision:evaluate_and_execute:45 - DOGE-USD: HOLD. Reason: No clear consensus
2026-09-18 14:05:43.745 | DEBUG    | engine.decision:evaluate_and_execute:45 - SPY: HOLD. Reason: No clear consensus
2026-09-18 14:05:47.826 | DEBUG    | engine.decision:evaluate_and_execute:45 - ETH-USD: HOLD. Reason: No clear consensus
2026-09-18 14:05:49.209 | DEBUG    | engine.decision:evaluate_and_execute:72 - DOGE-USD: SELL signal ignored (no open position).
2026-09-18 14:05:49.556 | DEBUG    | engine.decision:evaluate_and_execute:45 - SPY: HOLD. Reason: No clear consensus
2026-09-18 14:05:53.344 | DEBUG    | engine.decision:evaluate_and_execute:45 - ETH-USD: HOLD. Reason: No clear consensus
2026-09-18 14:05:54.770 | DEBUG    | engine.decision:evaluate_and_execute:45 - DOGE-USD: HOLD. Reason: No clear consensus
2026-09-18 14:05:55.186 | DEBUG    | engine.decision:evaluate_and_execute:45 - SPY: HOLD. Reason: No clear consensus
2026-09-18 14:05:58.839 | DEBUG    | engine.decision:evaluate_and_execute:45 - ETH-USD: HOLD. Reason: No clear consensus
2026-09-18 14:06:00.647 | DEBUG    | engine.decision:evaluate_and_execute:45 - DOGE-USD: HOLD. Reason: No clear consensus
2026-09-18 14:06:00.764 | DEBUG    | engine.decision:evaluate_and_execute:45 - SPY: HOLD. Reason: No clear consensus
2026-09-18 14:06:04.378 | DEBUG    | engine.decision:evaluate_and_execute:45 - ETH-USD: HOLD. Reason: No clear consensus
2026-09-18 14:06:06.336 | DEBUG    | engine.decision:evaluate_and_execute:45 - DOGE-USD: HOLD. Reason: No clear consensus
2026-09-18 14:06:06.441 | DEBUG    | engine.decision:evaluate_and_execute:45 - SPY: HOLD. Reason: No clear consensus
2026-09-18 14:06:09.833 | DEBUG    | engine.decision:evaluate_and_execute:45 - ETH-USD: HOLD. Reason: No clear consensus
2026-09-18 14:06:12.054 | DEBUG    | engine.decision:evaluate_and_execute:45 - DOGE-USD: HOLD. Reason: No clear consensus
2026-09-18 14:06:12.390 | DEBUG    | engine.decision:evaluate_and_execute:45 - SPY: HOLD. Reason: No clear consensus
2026-09-18 14:06:15.370 | DEBUG    | engine.decision:evaluate_and_execute:45 - ETH-USD: HOLD. Reason: No clear consensus
2026-09-18 14:06:17.562 | DEBUG    | engine.decision:evaluate_and_execute:45 - DOGE-USD: HOLD. Reason: No clear consensus
2026-09-18 14:06:17.993 | DEBUG    | engine.decision:evaluate_and_execute:45 - SPY: HOLD. Reason: No clear consensus
2026-09-18 14:06:20.831 | DEBUG    | engine.decision:evaluate_and_execute:45 - ETH-USD: HOLD. Reason: No clear consensus
2026-09-18 14:06:23.355 | DEBUG    | engine.decision:evaluate_and_execute:45 - DOGE-USD: HOLD. Reason: No clear consensus
2026-09-18 14:06:23.695 | DEBUG    | engine.decision:evaluate_and_execute:45 - SPY: HOLD. Reason: No clear consensus
2026-09-18 14:06:26.395 | DEBUG    | engine.decision:evaluate_and_execute:45 - ETH-USD: HOLD. Reason: No clear consensus
2026-09-18 14:06:28.870 | DEBUG    | engine.decision:evaluate_and_execute:45 - DOGE-USD: HOLD. Reason: No clear consensus
2026-09-18 14:06:29.308 | DEBUG    | engine.decision:evaluate_and_execute:45 - SPY: HOLD. Reason: No clear consensus
2026-09-18 14:06:31.886 | DEBUG    | engine.decision:evaluate_and_execute:45 - ETH-USD: HOLD. Reason: No clear consensus
2026-09-18 14:06:34.548 | DEBUG    | engine.decision:evaluate_and_execute:45 - DOGE-USD: HOLD. Reason: No clear consensus
2026-09-18 14:06:35.008 | DEBUG    | engine.decision:evaluate_and_execute:45 - SPY: HOLD. Reason: No clear consensus
2026-09-18 14:06:37.416 | DEBUG    | engine.decision:evaluate_and_execute:45 - ETH-USD: HOLD. Reason: No clear consensus
2026-09-18 14:06:40.137 | DEBUG    | engine.decision:evaluate_and_execute:45 - DOGE-USD: HOLD. Reason: No clear consensus
2026-09-18 14:06:40.984 | DEBUG    | engine.decision:evaluate_and_execute:45 - SPY: HOLD. Reason: No clear consensus
2026-09-18 14:06:42.892 | DEBUG    | engine.decision:evaluate_and_execute:45 - ETH-USD: HOLD. Reason: No clear consensus
2026-09-18 14:06:46.338 | DEBUG    | engine.decision:evaluate_and_execute:45 - DOGE-USD: HOLD. Reason: No clear consensus
2026-09-18 14:06:46.718 | DEBUG    | engine.decision:evaluate_and_execute:45 - SPY: HOLD. Reason: No clear consensus
2026-09-18 14:06:48.529 | DEBUG    | engine.decision:evaluate_and_execute:45 - ETH-USD: HOLD. Reason: No clear consensus
2026-09-18 14:06:51.913 | DEBUG    | engine.decision:evaluate_and_execute:45 - DOGE-USD: HOLD. Reason: No clear consensus
2026-09-18 14:06:52.370 | DEBUG    | engine.decision:evaluate_and_execute:45 - SPY: HOLD. Reason: No clear consensus
2026-09-18 14:06:54.046 | DEBUG    | engine.decision:evaluate_and_execute:45 - ETH-USD: HOLD. Reason: No clear consensus
2026-09-18 14:06:57.728 | DEBUG    | engine.decision:evaluate_and_execute:45 - DOGE-USD: HOLD. Reason: No clear consensus
2026-09-18 14:06:58.121 | DEBUG    | engine.decision:evaluate_and_execute:45 - SPY: HOLD. Reason: No clear consensus
2026-09-18 14:06:59.640 | DEBUG    | engine.decision:evaluate_and_execute:45 - ETH-USD: HOLD. Reason: No clear consensus
2026-09-18 14:07:03.701 | DEBUG    | engine.decision:evaluate_and_execute:45 - SPY: HOLD. Reason: No clear consensus
2026-09-18 14:07:03.703 | DEBUG    | engine.decision:evaluate_and_execute:45 - DOGE-USD: HOLD. Reason: No clear consensus
2026-09-18 14:07:05.246 | DEBUG    | engine.decision:evaluate_and_execute:45 - ETH-USD: HOLD. Reason: No clear consensus
2026-09-18 14:07:09.900 | DEBUG    | engine.decision:evaluate_and_execute:45 - SPY: HOLD. Reason: No clear consensus
2026-09-18 14:07:09.955 | DEBUG    | engine.decision:evaluate_and_execute:45 - DOGE-USD: HOLD. Reason: No clear consensus
2026-09-18 14:07:11.022 | DEBUG    | engine.decision:evaluate_and_execute:45 - ETH-USD: HOLD. Reason: No clear consensus
2026-09-18 14:07:15.594 | DEBUG    | engine.decision:evaluate_and_execute:45 - SPY: HOLD. Reason: No clear consensus
2026-09-18 14:07:15.963 | DEBUG    | engine.decision:evaluate_and_execute:45 - DOGE-USD: HOLD. Reason: No clear consensus
2026-09-18 14:07:16.520 | DEBUG    | engine.decision:evaluate_and_execute:45 - ETH-USD: HOLD. Reason: No clear consensus
2026-09-18 14:07:21.193 | DEBUG    | engine.decision:evaluate_and_execute:45 - SPY: HOLD. Reason: No clear consensus
2026-09-18 14:07:21.788 | DEBUG    | engine.decision:evaluate_and_execute:45 - DOGE-USD: HOLD. Reason: No clear consensus
2026-09-18 14:07:22.339 | DEBUG    | engine.decision:evaluate_and_execute:45 - ETH-USD: HOLD. Reason: No clear consensus
2026-09-18 14:07:26.996 | DEBUG    | engine.decision:evaluate_and_execute:45 - SPY: HOLD. Reason: No clear consensus
2026-09-18 14:07:27.733 | DEBUG    | engine.decision:evaluate_and_execute:45 - DOGE-USD: HOLD. Reason: No clear consensus
2026-09-18 14:07:28.107 | DEBUG    | engine.decision:evaluate_and_execute:45 - ETH-USD: HOLD. Reason: No clear consensus
2026-09-18 14:07:32.712 | DEBUG    | engine.decision:evaluate_and_execute:45 - SPY: HOLD. Reason: No clear consensus
2026-09-18 14:07:33.477 | DEBUG    | engine.decision:evaluate_and_execute:45 - DOGE-USD: HOLD. Reason: No clear consensus
2026-09-18 14:07:33.919 | DEBUG    | engine.decision:evaluate_and_execute:45 - ETH-USD: HOLD. Reason: No clear consensus
2026-09-18 14:07:38.295 | DEBUG    | engine.decision:evaluate_and_execute:45 - SPY: HOLD. Reason: No clear consensus
2026-09-18 14:07:39.145 | DEBUG    | engine.decision:evaluate_and_execute:45 - DOGE-USD: HOLD. Reason: No clear consensus
2026-09-18 14:07:39.660 | DEBUG    | engine.decision:evaluate_and_execute:45 - ETH-USD: HOLD. Reason: No clear consensus
2026-09-18 14:07:43.835 | DEBUG    | engine.decision:evaluate_and_execute:45 - SPY: HOLD. Reason: No clear consensus
2026-09-18 14:07:44.909 | DEBUG    | engine.decision:evaluate_and_execute:45 - DOGE-USD: HOLD. Reason: No clear consensus
2026-09-18 14:07:45.419 | DEBUG    | engine.decision:evaluate_and_execute:45 - ETH-USD: HOLD. Reason: No clear consensus
2026-09-18 14:07:49.294 | DEBUG    | engine.decision:evaluate_and_execute:45 - SPY: HOLD. Reason: No clear consensus
2026-09-18 14:07:50.559 | DEBUG    | engine.decision:evaluate_and_execute:45 - DOGE-USD: HOLD. Reason: No clear consensus
2026-09-18 14:07:51.055 | DEBUG    | engine.decision:evaluate_and_execute:45 - ETH-USD: HOLD. Reason: No clear consensus
2026-09-18 14:07:54.833 | DEBUG    | engine.decision:evaluate_and_execute:45 - SPY: HOLD. Reason: No clear consensus
2026-09-18 14:07:56.289 | DEBUG    | engine.decision:evaluate_and_execute:45 - DOGE-USD: HOLD. Reason: No clear consensus
2026-09-18 14:07:56.776 | DEBUG    | engine.decision:evaluate_and_execute:45 - ETH-USD: HOLD. Reason: No clear consensus
2026-09-18 14:08:00.350 | DEBUG    | engine.decision:evaluate_and_execute:45 - SPY: HOLD. Reason: No clear consensus
2026-09-18 14:08:01.911 | DEBUG    | engine.decision:evaluate_and_execute:45 - DOGE-USD: HOLD. Reason: No clear consensus
2026-09-18 14:08:02.508 | DEBUG    | engine.decision:evaluate_and_execute:72 - ETH-USD: SELL signal ignored (no open position).
2026-09-18 14:08:06.070 | DEBUG    | engine.decision:evaluate_and_execute:45 - SPY: HOLD. Reason: No clear consensus
2026-09-18 14:08:07.482 | DEBUG    | engine.decision:evaluate_and_execute:45 - DOGE-USD: HOLD. Reason: No clear consensus
2026-09-18 14:08:08.080 | DEBUG    | engine.decision:evaluate_and_execute:45 - ETH-USD: HOLD. Reason: No clear consensus
2026-09-18 14:08:11.563 | DEBUG    | engine.decision:evaluate_and_execute:45 - SPY: HOLD. Reason: No clear consensus
2026-09-18 14:08:13.016 | DEBUG    | engine.decision:evaluate_and_execute:45 - DOGE-USD: HOLD. Reason: No clear consensus
2026-09-18 14:08:13.598 | DEBUG    | engine.decision:evaluate_and_execute:45 - ETH-USD: HOLD. Reason: No clear consensus
2026-09-18 14:08:17.117 | DEBUG    | engine.decision:evaluate_and_execute:45 - SPY: HOLD. Reason: No clear consensus
2026-09-18 14:08:18.674 | DEBUG    | engine.decision:evaluate_and_execute:45 - DOGE-USD: HOLD. Reason: No clear consensus
2026-09-18 14:08:19.147 | DEBUG    | engine.decision:evaluate_and_execute:45 - ETH-USD: HOLD. Reason: No clear consensus
2026-09-18 14:08:22.616 | DEBUG    | engine.decision:evaluate_and_execute:45 - SPY: HOLD. Reason: No clear consensus
2026-09-18 14:08:24.238 | DEBUG    | engine.decision:evaluate_and_execute:45 - DOGE-USD: HOLD. Reason: No clear consensus
2026-09-18 14:08:24.755 | DEBUG    | engine.decision:evaluate_and_execute:45 - ETH-USD: HOLD. Reason: No clear consensus
2026-09-18 14:08:28.156 | DEBUG    | engine.decision:evaluate_and_execute:45 - SPY: HOLD. Reason: No clear consensus
2026-09-18 14:08:29.955 | DEBUG    | engine.decision:evaluate_and_execute:45 - DOGE-USD: HOLD. Reason: No clear consensus
2026-09-18 14:08:30.548 | DEBUG    | engine.decision:evaluate_and_execute:45 - ETH-USD: HOLD. Reason: No clear consensus
2026-09-18 14:08:33.630 | DEBUG    | engine.decision:evaluate_and_execute:45 - SPY: HOLD. Reason: No clear consensus
2026-09-18 14:08:36.153 | DEBUG    | engine.decision:evaluate_and_execute:45 - ETH-USD: HOLD. Reason: No clear consensus
2026-09-18 14:08:42.908 | DEBUG    | engine.decision:evaluate_and_execute:45 - SPY: HOLD. Reason: No clear consensus
2026-09-18 14:08:48.239 | DEBUG    | engine.decision:evaluate_and_execute:45 - SPY: HOLD. Reason: No clear consensus
2026-09-18 14:08:49.295 | DEBUG    | engine.decision:evaluate_and_execute:45 - ETH-USD: HOLD. Reason: No clear consensus
2026-09-18 14:08:53.141 | DEBUG    | engine.decision:evaluate_and_execute:45 - DOGE-USD: HOLD. Reason: No clear consensus
2026-09-18 14:08:53.878 | DEBUG    | engine.decision:evaluate_and_execute:45 - SPY: HOLD. Reason: No clear consensus
2026-09-18 14:08:54.666 | DEBUG    | engine.decision:evaluate_and_execute:45 - ETH-USD: HOLD. Reason: No clear consensus
2026-09-18 14:08:58.514 | DEBUG    | engine.decision:evaluate_and_execute:45 - DOGE-USD: HOLD. Reason: No clear consensus
2026-09-18 14:08:59.376 | DEBUG    | engine.decision:evaluate_and_execute:45 - SPY: HOLD. Reason: No clear consensus
2026-09-18 14:09:00.269 | DEBUG    | engine.decision:evaluate_and_execute:45 - ETH-USD: HOLD. Reason: No clear consensus
2026-09-18 14:09:04.213 | DEBUG    | engine.decision:evaluate_and_execute:45 - DOGE-USD: HOLD. Reason: No clear consensus
2026-09-18 14:09:05.002 | DEBUG    | engine.decision:evaluate_and_execute:45 - SPY: HOLD. Reason: No clear consensus
2026-09-18 14:09:05.799 | DEBUG    | engine.decision:evaluate_and_execute:45 - ETH-USD: HOLD. Reason: No clear consensus
2026-09-18 14:09:09.718 | DEBUG    | engine.decision:evaluate_and_execute:45 - DOGE-USD: HOLD. Reason: No clear consensus
2026-09-18 14:09:10.539 | DEBUG    | engine.decision:evaluate_and_execute:45 - SPY: HOLD. Reason: No clear consensus
2026-09-18 14:09:11.392 | DEBUG    | engine.decision:evaluate_and_execute:45 - ETH-USD: HOLD. Reason: No clear consensus
2026-09-18 14:09:15.311 | DEBUG    | engine.decision:evaluate_and_execute:45 - DOGE-USD: HOLD. Reason: No clear consensus
2026-09-18 14:09:16.148 | DEBUG    | engine.decision:evaluate_and_execute:45 - SPY: HOLD. Reason: No clear consensus
2026-09-18 14:09:16.903 | DEBUG    | engine.decision:evaluate_and_execute:45 - ETH-USD: HOLD. Reason: No clear consensus
2026-09-18 14:09:20.839 | DEBUG    | engine.decision:evaluate_and_execute:45 - DOGE-USD: HOLD. Reason: No clear consensus
2026-09-18 14:09:21.628 | DEBUG    | engine.decision:evaluate_and_execute:45 - SPY: HOLD. Reason: No clear consensus
2026-09-18 14:09:22.462 | DEBUG    | engine.decision:evaluate_and_execute:45 - ETH-USD: HOLD. Reason: No clear consensus
2026-09-18 14:09:26.461 | DEBUG    | engine.decision:evaluate_and_execute:45 - DOGE-USD: HOLD. Reason: No clear consensus
2026-09-18 14:09:27.182 | DEBUG    | engine.decision:evaluate_and_execute:45 - SPY: HOLD. Reason: No clear consensus
2026-09-18 14:09:27.980 | DEBUG    | engine.decision:evaluate_and_execute:45 - ETH-USD: HOLD. Reason: No clear consensus
2026-09-18 14:09:32.005 | DEBUG    | engine.decision:evaluate_and_execute:45 - DOGE-USD: HOLD. Reason: No clear consensus
2026-09-18 14:09:32.655 | DEBUG    | engine.decision:evaluate_and_execute:45 - SPY: HOLD. Reason: No clear consensus
2026-09-18 14:09:33.559 | DEBUG    | engine.decision:evaluate_and_execute:45 - ETH-USD: HOLD. Reason: No clear consensus
2026-09-18 14:09:37.664 | DEBUG    | engine.decision:evaluate_and_execute:45 - DOGE-USD: HOLD. Reason: No clear consensus
2026-09-18 14:09:38.312 | DEBUG    | engine.decision:evaluate_and_execute:45 - SPY: HOLD. Reason: No clear consensus
2026-09-18 14:09:39.091 | DEBUG    | engine.decision:evaluate_and_execute:45 - ETH-USD: HOLD. Reason: No clear consensus
2026-09-18 14:09:43.435 | DEBUG    | engine.decision:evaluate_and_execute:45 - DOGE-USD: HOLD. Reason: No clear consensus
2026-09-18 14:09:44.063 | DEBUG    | engine.decision:evaluate_and_execute:45 - SPY: HOLD. Reason: No clear consensus
2026-09-18 14:09:44.691 | DEBUG    | engine.decision:evaluate_and_execute:45 - ETH-USD: HOLD. Reason: No clear consensus
2026-09-18 14:09:49.250 | DEBUG    | engine.decision:evaluate_and_execute:45 - DOGE-USD: HOLD. Reason: No clear consensus
2026-09-18 14:09:49.713 | DEBUG    | engine.decision:evaluate_and_execute:45 - SPY: HOLD. Reason: No clear consensus
2026-09-18 14:09:50.276 | DEBUG    | engine.decision:evaluate_and_execute:45 - ETH-USD: HOLD. Reason: No clear consensus
2026-09-18 14:09:54.868 | DEBUG    | engine.decision:evaluate_and_execute:45 - DOGE-USD: HOLD. Reason: No clear consensus
2026-09-18 14:09:55.375 | DEBUG    | engine.decision:evaluate_and_execute:45 - SPY: HOLD. Reason: No clear consensus
2026-09-18 14:09:55.894 | DEBUG    | engine.decision:evaluate_and_execute:45 - ETH-USD: HOLD. Reason: No clear consensus
2026-09-18 14:10:00.530 | DEBUG    | engine.decision:evaluate_and_execute:45 - DOGE-USD: HOLD. Reason: No clear consensus
2026-09-18 14:10:01.338 | DEBUG    | engine.decision:evaluate_and_execute:45 - SPY: HOLD. Reason: No clear consensus
2026-09-18 14:10:01.715 | DEBUG    | engine.decision:evaluate_and_execute:45 - ETH-USD: HOLD. Reason: No clear consensus
2026-09-18 14:10:06.178 | DEBUG    | engine.decision:evaluate_and_execute:45 - DOGE-USD: HOLD. Reason: No clear consensus
2026-09-18 14:10:06.931 | DEBUG    | engine.decision:evaluate_and_execute:45 - SPY: HOLD. Reason: No clear consensus
2026-09-18 14:10:07.739 | WARNING  | engine.filter:is_viable:46 - Trade ETH-USD rejected: Expected Net Return (-0.00%) < Min required (0.50%)
2026-09-18 14:10:07.849 | WARNING  | engine.filter:is_viable:46 - Trade ETH-USD rejected: Expected Net Return (-0.00%) < Min required (0.50%)
2026-09-18 14:10:07.849 | WARNING  | engine.decision:evaluate_and_execute:58 - ETH-USD: Trade is not viable due to costs/low expected return.
2026-09-18 14:10:11.716 | DEBUG    | engine.decision:evaluate_and_execute:45 - DOGE-USD: HOLD. Reason: No clear consensus
2026-09-18 14:10:12.569 | DEBUG    | engine.decision:evaluate_and_execute:45 - SPY: HOLD. Reason: No clear consensus
2026-09-18 14:10:13.339 | DEBUG    | engine.decision:evaluate_and_execute:45 - ETH-USD: HOLD. Reason: No clear consensus
2026-09-18 14:10:17.232 | DEBUG    | engine.decision:evaluate_and_execute:45 - DOGE-USD: HOLD. Reason: No clear consensus
2026-09-18 14:10:18.172 | DEBUG    | engine.decision:evaluate_and_execute:45 - SPY: HOLD. Reason: No clear consensus
2026-09-18 14:10:19.087 | DEBUG    | engine.decision:evaluate_and_execute:45 - ETH-USD: HOLD. Reason: No clear consensus
2026-09-18 14:10:23.278 | WARNING  | engine.filter:is_viable:46 - Trade DOGE-USD rejected: Expected Net Return (0.02%) < Min required (0.50%)
2026-09-18 14:10:23.548 | WARNING  | engine.filter:is_viable:46 - Trade DOGE-USD rejected: Expected Net Return (0.02%) < Min required (0.50%)
2026-09-18 14:10:23.548 | WARNING  | engine.decision:evaluate_and_execute:58 - DOGE-USD: Trade is not viable due to costs/low expected return.
2026-09-18 14:10:24.135 | DEBUG    | engine.decision:evaluate_and_execute:45 - SPY: HOLD. Reason: No clear consensus
2026-09-18 14:10:24.765 | DEBUG    | engine.decision:evaluate_and_execute:45 - ETH-USD: HOLD. Reason: No clear consensus
2026-09-18 14:10:29.329 | DEBUG    | engine.decision:evaluate_and_execute:45 - DOGE-USD: HOLD. Reason: No clear consensus
2026-09-18 14:12:27.562 | DEBUG    | engine.decision:evaluate_and_execute:45 - SPY: HOLD. Reason: No clear consensus
2026-09-18 14:12:52.283 | DEBUG    | engine.decision:evaluate_and_execute:45 - SPY: HOLD. Reason: No clear consensus
2026-09-18 14:13:30.302 | DEBUG    | engine.decision:evaluate_and_execute:45 - SPY: HOLD. Reason: No clear consensus
2026-09-18 14:13:35.650 | DEBUG    | engine.decision:evaluate_and_execute:45 - SPY: HOLD. Reason: No clear consensus
2026-09-18 14:13:41.257 | DEBUG    | engine.decision:evaluate_and_execute:45 - SPY: HOLD. Reason: No clear consensus
2026-09-18 14:13:46.738 | DEBUG    | engine.decision:evaluate_and_execute:45 - SPY: HOLD. Reason: No clear consensus
2026-09-18 14:13:52.339 | DEBUG    | engine.decision:evaluate_and_execute:45 - SPY: HOLD. Reason: No clear consensus
2026-09-18 14:13:57.821 | DEBUG    | engine.decision:evaluate_and_execute:45 - SPY: HOLD. Reason: No clear consensus
2026-09-18 14:14:03.413 | DEBUG    | engine.decision:evaluate_and_execute:45 - SPY: HOLD. Reason: No clear consensus
2026-09-18 14:14:08.902 | DEBUG    | engine.decision:evaluate_and_execute:45 - SPY: HOLD. Reason: No clear consensus
2026-09-18 14:14:14.453 | DEBUG    | engine.decision:evaluate_and_execute:45 - SPY: HOLD. Reason: No clear consensus
2026-09-18 14:14:19.917 | DEBUG    | engine.decision:evaluate_and_execute:45 - SPY: HOLD. Reason: No clear consensus
2026-09-18 14:14:25.451 | DEBUG    | engine.decision:evaluate_and_execute:45 - SPY: HOLD. Reason: No clear consensus
2026-09-18 14:14:30.925 | DEBUG    | engine.decision:evaluate_and_execute:45 - SPY: HOLD. Reason: No clear consensus
2026-09-18 14:14:36.500 | DEBUG    | engine.decision:evaluate_and_execute:45 - SPY: HOLD. Reason: No clear consensus
2026-09-18 14:14:41.954 | DEBUG    | engine.decision:evaluate_and_execute:45 - SPY: HOLD. Reason: No clear consensus
2026-09-18 14:14:47.770 | DEBUG    | engine.decision:evaluate_and_execute:45 - SPY: HOLD. Reason: No clear consensus
2026-09-18 14:14:53.285 | DEBUG    | engine.decision:evaluate_and_execute:45 - SPY: HOLD. Reason: No clear consensus
2026-09-18 14:14:58.943 | DEBUG    | engine.decision:evaluate_and_execute:45 - SPY: HOLD. Reason: No clear consensus
2026-09-18 14:15:04.513 | DEBUG    | engine.decision:evaluate_and_execute:45 - SPY: HOLD. Reason: No clear consensus
2026-09-18 14:15:10.240 | DEBUG    | engine.decision:evaluate_and_execute:45 - SPY: HOLD. Reason: No clear consensus
2026-09-18 14:15:15.705 | DEBUG    | engine.decision:evaluate_and_execute:45 - SPY: HOLD. Reason: No clear consensus
2026-09-18 14:15:21.319 | DEBUG    | engine.decision:evaluate_and_execute:45 - SPY: HOLD. Reason: No clear consensus
2026-09-18 14:15:26.834 | DEBUG    | engine.decision:evaluate_and_execute:45 - SPY: HOLD. Reason: No clear consensus
2026-09-18 14:15:32.375 | DEBUG    | engine.decision:evaluate_and_execute:45 - SPY: HOLD. Reason: No clear consensus
2026-09-18 14:15:37.889 | DEBUG    | engine.decision:evaluate_and_execute:45 - SPY: HOLD. Reason: No clear consensus
2026-09-18 14:15:43.437 | DEBUG    | engine.decision:evaluate_and_execute:45 - SPY: HOLD. Reason: No clear consensus
2026-09-18 14:15:48.972 | DEBUG    | engine.decision:evaluate_and_execute:45 - SPY: HOLD. Reason: No clear consensus
2026-09-18 14:15:54.697 | DEBUG    | engine.decision:evaluate_and_execute:45 - SPY: HOLD. Reason: No clear consensus
2026-09-18 14:16:00.173 | DEBUG    | engine.decision:evaluate_and_execute:45 - SPY: HOLD. Reason: No clear consensus
2026-09-18 14:16:05.871 | DEBUG    | engine.decision:evaluate_and_execute:45 - SPY: HOLD. Reason: No clear consensus
2026-09-18 14:16:06.814 | DEBUG    | engine.decision:evaluate_and_execute:45 - SPY: HOLD. Reason: No clear consensus
2026-09-18 14:16:11.536 | DEBUG    | engine.decision:evaluate_and_execute:45 - SPY: HOLD. Reason: No clear consensus
2026-09-18 14:16:12.195 | DEBUG    | engine.decision:evaluate_and_execute:45 - SPY: HOLD. Reason: No clear consensus
2026-09-18 14:16:14.316 | DEBUG    | engine.decision:evaluate_and_execute:45 - ETH-USD: HOLD. Reason: No clear consensus
2026-09-18 14:16:17.139 | DEBUG    | engine.decision:evaluate_and_execute:45 - SPY: HOLD. Reason: No clear consensus
2026-09-18 14:16:17.856 | DEBUG    | engine.decision:evaluate_and_execute:45 - SPY: HOLD. Reason: No clear consensus
2026-09-18 14:16:19.713 | DEBUG    | engine.decision:evaluate_and_execute:45 - ETH-USD: HOLD. Reason: No clear consensus
2026-09-18 14:16:22.636 | DEBUG    | engine.decision:evaluate_and_execute:45 - SPY: HOLD. Reason: No clear consensus
2026-09-18 14:16:23.322 | DEBUG    | engine.decision:evaluate_and_execute:45 - SPY: HOLD. Reason: No clear consensus
2026-09-18 14:16:25.321 | DEBUG    | engine.decision:evaluate_and_execute:45 - ETH-USD: HOLD. Reason: No clear consensus
2026-09-18 14:16:28.210 | DEBUG    | engine.decision:evaluate_and_execute:45 - SPY: HOLD. Reason: No clear consensus
2026-09-18 14:16:28.863 | DEBUG    | engine.decision:evaluate_and_execute:45 - SPY: HOLD. Reason: No clear consensus
2026-09-18 14:16:30.807 | DEBUG    | engine.decision:evaluate_and_execute:45 - ETH-USD: HOLD. Reason: No clear consensus
2026-09-18 14:16:33.685 | DEBUG    | engine.decision:evaluate_and_execute:45 - SPY: HOLD. Reason: No clear consensus
2026-09-18 14:16:34.346 | DEBUG    | engine.decision:evaluate_and_execute:45 - SPY: HOLD. Reason: No clear consensus
2026-09-18 14:16:36.350 | DEBUG    | engine.decision:evaluate_and_execute:45 - ETH-USD: HOLD. Reason: No clear consensus
2026-09-18 14:16:39.277 | DEBUG    | engine.decision:evaluate_and_execute:45 - SPY: HOLD. Reason: No clear consensus
2026-09-18 14:16:39.886 | DEBUG    | engine.decision:evaluate_and_execute:45 - SPY: HOLD. Reason: No clear consensus
2026-09-18 14:16:41.873 | DEBUG    | engine.decision:evaluate_and_execute:45 - ETH-USD: HOLD. Reason: No clear consensus
2026-09-18 14:16:42.259 | DEBUG    | engine.decision:evaluate_and_execute:45 - SPY: HOLD. Reason: No clear consensus
2026-09-18 14:16:45.404 | DEBUG    | engine.decision:evaluate_and_execute:45 - SPY: HOLD. Reason: No clear consensus
2026-09-18 14:16:47.594 | DEBUG    | engine.decision:evaluate_and_execute:45 - ETH-USD: HOLD. Reason: No clear consensus
2026-09-18 14:16:47.870 | DEBUG    | engine.decision:evaluate_and_execute:45 - SPY: HOLD. Reason: No clear consensus
2026-09-18 14:16:50.922 | DEBUG    | engine.decision:evaluate_and_execute:45 - SPY: HOLD. Reason: No clear consensus
2026-09-18 14:16:53.185 | DEBUG    | engine.decision:evaluate_and_execute:45 - ETH-USD: HOLD. Reason: No clear consensus
2026-09-18 14:16:53.672 | DEBUG    | engine.decision:evaluate_and_execute:45 - SPY: HOLD. Reason: No clear consensus
2026-09-18 14:16:56.431 | DEBUG    | engine.decision:evaluate_and_execute:45 - SPY: HOLD. Reason: No clear consensus
2026-09-18 14:16:59.076 | DEBUG    | engine.decision:evaluate_and_execute:45 - ETH-USD: HOLD. Reason: No clear consensus
2026-09-18 14:16:59.357 | DEBUG    | engine.decision:evaluate_and_execute:45 - SPY: HOLD. Reason: No clear consensus
2026-09-18 14:17:02.018 | DEBUG    | engine.decision:evaluate_and_execute:45 - SPY: HOLD. Reason: No clear consensus
2026-09-18 14:17:04.995 | DEBUG    | engine.decision:evaluate_and_execute:45 - ETH-USD: HOLD. Reason: No clear consensus
2026-09-18 14:17:05.469 | DEBUG    | engine.decision:evaluate_and_execute:45 - SPY: HOLD. Reason: No clear consensus
2026-09-18 14:17:07.486 | DEBUG    | engine.decision:evaluate_and_execute:45 - SPY: HOLD. Reason: No clear consensus
2026-09-18 14:17:10.780 | DEBUG    | engine.decision:evaluate_and_execute:45 - ETH-USD: HOLD. Reason: No clear consensus
2026-09-18 14:17:11.214 | DEBUG    | engine.decision:evaluate_and_execute:45 - SPY: HOLD. Reason: No clear consensus
2026-09-18 14:17:13.028 | DEBUG    | engine.decision:evaluate_and_execute:45 - SPY: HOLD. Reason: No clear consensus
2026-09-18 14:17:16.461 | DEBUG    | engine.decision:evaluate_and_execute:45 - ETH-USD: HOLD. Reason: No clear consensus
2026-09-18 14:17:16.933 | DEBUG    | engine.decision:evaluate_and_execute:45 - SPY: HOLD. Reason: No clear consensus
2026-09-18 14:17:18.547 | DEBUG    | engine.decision:evaluate_and_execute:45 - SPY: HOLD. Reason: No clear consensus
2026-09-18 14:17:22.141 | DEBUG    | engine.decision:evaluate_and_execute:45 - ETH-USD: HOLD. Reason: No clear consensus
2026-09-18 14:17:22.671 | DEBUG    | engine.decision:evaluate_and_execute:45 - SPY: HOLD. Reason: No clear consensus
2026-09-18 14:17:24.072 | DEBUG    | engine.decision:evaluate_and_execute:45 - SPY: HOLD. Reason: No clear consensus
2026-09-18 14:17:27.790 | DEBUG    | engine.decision:evaluate_and_execute:45 - ETH-USD: HOLD. Reason: No clear consensus
2026-09-18 14:17:28.290 | DEBUG    | engine.decision:evaluate_and_execute:45 - SPY: HOLD. Reason: No clear consensus
2026-09-18 14:17:29.531 | DEBUG    | engine.decision:evaluate_and_execute:45 - SPY: HOLD. Reason: No clear consensus
2026-09-18 14:17:33.468 | DEBUG    | engine.decision:evaluate_and_execute:45 - ETH-USD: HOLD. Reason: No clear consensus
2026-09-18 14:17:33.952 | DEBUG    | engine.decision:evaluate_and_execute:45 - SPY: HOLD. Reason: No clear consensus
2026-09-18 14:17:35.053 | DEBUG    | engine.decision:evaluate_and_execute:45 - SPY: HOLD. Reason: No clear consensus
2026-09-18 14:17:39.078 | DEBUG    | engine.decision:evaluate_and_execute:45 - ETH-USD: HOLD. Reason: No clear consensus
2026-09-18 14:17:39.538 | DEBUG    | engine.decision:evaluate_and_execute:45 - SPY: HOLD. Reason: No clear consensus
2026-09-18 14:17:40.538 | DEBUG    | engine.decision:evaluate_and_execute:45 - SPY: HOLD. Reason: No clear consensus
2026-09-18 14:17:44.718 | DEBUG    | engine.decision:evaluate_and_execute:45 - ETH-USD: HOLD. Reason: No clear consensus
2026-09-18 14:17:45.400 | DEBUG    | engine.decision:evaluate_and_execute:45 - SPY: HOLD. Reason: No clear consensus
2026-09-18 14:17:46.112 | DEBUG    | engine.decision:evaluate_and_execute:45 - SPY: HOLD. Reason: No clear consensus
2026-09-18 14:17:50.555 | DEBUG    | engine.decision:evaluate_and_execute:45 - ETH-USD: HOLD. Reason: No clear consensus
2026-09-18 14:17:51.121 | DEBUG    | engine.decision:evaluate_and_execute:45 - SPY: HOLD. Reason: No clear consensus
2026-09-18 14:17:51.667 | DEBUG    | engine.decision:evaluate_and_execute:45 - SPY: HOLD. Reason: No clear consensus
2026-09-18 14:17:56.316 | DEBUG    | engine.decision:evaluate_and_execute:45 - ETH-USD: HOLD. Reason: No clear consensus
2026-09-18 14:17:56.767 | DEBUG    | engine.decision:evaluate_and_execute:45 - SPY: HOLD. Reason: No clear consensus
2026-09-18 14:17:57.274 | DEBUG    | engine.decision:evaluate_and_execute:45 - SPY: HOLD. Reason: No clear consensus
2026-09-18 14:18:01.899 | DEBUG    | engine.decision:evaluate_and_execute:45 - ETH-USD: HOLD. Reason: No clear consensus
2026-09-18 14:18:02.396 | DEBUG    | engine.decision:evaluate_and_execute:45 - SPY: HOLD. Reason: No clear consensus
2026-09-18 14:18:02.947 | DEBUG    | engine.decision:evaluate_and_execute:45 - SPY: HOLD. Reason: No clear consensus
2026-09-18 14:18:07.496 | DEBUG    | engine.decision:evaluate_and_execute:45 - ETH-USD: HOLD. Reason: No clear consensus
2026-09-18 14:18:07.968 | DEBUG    | engine.decision:evaluate_and_execute:45 - SPY: HOLD. Reason: No clear consensus
2026-09-18 14:18:08.482 | DEBUG    | engine.decision:evaluate_and_execute:45 - SPY: HOLD. Reason: No clear consensus
2026-09-18 14:18:13.124 | DEBUG    | engine.decision:evaluate_and_execute:45 - ETH-USD: HOLD. Reason: No clear consensus
2026-09-18 14:18:13.556 | DEBUG    | engine.decision:evaluate_and_execute:45 - SPY: HOLD. Reason: No clear consensus
2026-09-18 14:18:14.061 | DEBUG    | engine.decision:evaluate_and_execute:45 - SPY: HOLD. Reason: No clear consensus
2026-09-18 14:18:18.789 | DEBUG    | engine.decision:evaluate_and_execute:45 - ETH-USD: HOLD. Reason: No clear consensus
2026-09-18 14:18:19.227 | DEBUG    | engine.decision:evaluate_and_execute:45 - SPY: HOLD. Reason: No clear consensus
2026-09-18 14:18:19.731 | DEBUG    | engine.decision:evaluate_and_execute:45 - SPY: HOLD. Reason: No clear consensus
2026-09-18 14:18:24.395 | DEBUG    | engine.decision:evaluate_and_execute:45 - ETH-USD: HOLD. Reason: No clear consensus
2026-09-18 14:18:24.889 | DEBUG    | engine.decision:evaluate_and_execute:45 - SPY: HOLD. Reason: No clear consensus
2026-09-18 14:18:25.425 | DEBUG    | engine.decision:evaluate_and_execute:45 - SPY: HOLD. Reason: No clear consensus
2026-09-18 14:18:30.140 | DEBUG    | engine.decision:evaluate_and_execute:45 - ETH-USD: HOLD. Reason: No clear consensus
2026-09-18 14:18:30.604 | DEBUG    | engine.decision:evaluate_and_execute:45 - SPY: HOLD. Reason: No clear consensus
2026-09-18 14:18:31.091 | DEBUG    | engine.decision:evaluate_and_execute:45 - SPY: HOLD. Reason: No clear consensus
2026-09-18 14:18:35.743 | DEBUG    | engine.decision:evaluate_and_execute:45 - ETH-USD: HOLD. Reason: No clear consensus
2026-09-18 14:18:36.450 | DEBUG    | engine.decision:evaluate_and_execute:45 - SPY: HOLD. Reason: No clear consensus
2026-09-18 14:18:36.694 | DEBUG    | engine.decision:evaluate_and_execute:45 - SPY: HOLD. Reason: No clear consensus
2026-09-18 14:18:41.488 | DEBUG    | engine.decision:evaluate_and_execute:45 - ETH-USD: HOLD. Reason: No clear consensus
2026-09-18 14:18:41.985 | DEBUG    | engine.decision:evaluate_and_execute:45 - SPY: HOLD. Reason: No clear consensus
2026-09-18 14:18:42.563 | DEBUG    | engine.decision:evaluate_and_execute:45 - SPY: HOLD. Reason: No clear consensus
2026-09-18 14:18:46.994 | DEBUG    | engine.decision:evaluate_and_execute:45 - ETH-USD: HOLD. Reason: No clear consensus
2026-09-18 14:18:47.652 | DEBUG    | engine.decision:evaluate_and_execute:45 - SPY: HOLD. Reason: No clear consensus
2026-09-18 14:18:48.111 | DEBUG    | engine.decision:evaluate_and_execute:45 - SPY: HOLD. Reason: No clear consensus
2026-09-18 14:18:52.547 | DEBUG    | engine.decision:evaluate_and_execute:45 - ETH-USD: HOLD. Reason: No clear consensus
2026-09-18 14:18:53.267 | DEBUG    | engine.decision:evaluate_and_execute:45 - SPY: HOLD. Reason: No clear consensus
2026-09-18 14:18:53.759 | DEBUG    | engine.decision:evaluate_and_execute:45 - SPY: HOLD. Reason: No clear consensus
2026-09-18 14:18:58.105 | DEBUG    | engine.decision:evaluate_and_execute:45 - ETH-USD: HOLD. Reason: No clear consensus
2026-09-18 14:18:59.280 | DEBUG    | engine.decision:evaluate_and_execute:45 - SPY: HOLD. Reason: No clear consensus
2026-09-18 14:18:59.310 | DEBUG    | engine.decision:evaluate_and_execute:45 - SPY: HOLD. Reason: No clear consensus
2026-09-18 14:19:03.661 | DEBUG    | engine.decision:evaluate_and_execute:45 - ETH-USD: HOLD. Reason: No clear consensus
2026-09-18 14:19:05.086 | DEBUG    | engine.decision:evaluate_and_execute:45 - SPY: HOLD. Reason: No clear consensus
2026-09-18 14:19:05.343 | DEBUG    | engine.decision:evaluate_and_execute:45 - SPY: HOLD. Reason: No clear consensus
2026-09-18 14:19:09.186 | DEBUG    | engine.decision:evaluate_and_execute:45 - ETH-USD: HOLD. Reason: No clear consensus
2026-09-18 14:19:10.817 | DEBUG    | engine.decision:evaluate_and_execute:45 - SPY: HOLD. Reason: No clear consensus
2026-09-18 14:19:11.071 | DEBUG    | engine.decision:evaluate_and_execute:45 - SPY: HOLD. Reason: No clear consensus
2026-09-18 14:19:14.793 | DEBUG    | engine.decision:evaluate_and_execute:45 - ETH-USD: HOLD. Reason: No clear consensus
2026-09-18 14:19:16.674 | DEBUG    | engine.decision:evaluate_and_execute:45 - SPY: HOLD. Reason: No clear consensus
2026-09-18 14:19:17.028 | DEBUG    | engine.decision:evaluate_and_execute:45 - SPY: HOLD. Reason: No clear consensus
2026-09-18 14:19:20.343 | DEBUG    | engine.decision:evaluate_and_execute:45 - ETH-USD: HOLD. Reason: No clear consensus
2026-09-18 14:19:22.289 | DEBUG    | engine.decision:evaluate_and_execute:45 - SPY: HOLD. Reason: No clear consensus
2026-09-18 14:19:22.731 | DEBUG    | engine.decision:evaluate_and_execute:45 - SPY: HOLD. Reason: No clear consensus
2026-09-18 14:19:25.917 | DEBUG    | engine.decision:evaluate_and_execute:45 - ETH-USD: HOLD. Reason: No clear consensus
2026-09-18 14:19:28.015 | DEBUG    | engine.decision:evaluate_and_execute:45 - SPY: HOLD. Reason: No clear consensus
2026-09-18 14:19:28.501 | DEBUG    | engine.decision:evaluate_and_execute:45 - SPY: HOLD. Reason: No clear consensus
2026-09-18 14:19:31.418 | DEBUG    | engine.decision:evaluate_and_execute:45 - ETH-USD: HOLD. Reason: No clear consensus
2026-09-18 14:19:33.603 | DEBUG    | engine.decision:evaluate_and_execute:45 - SPY: HOLD. Reason: No clear consensus
2026-09-18 14:19:34.076 | DEBUG    | engine.decision:evaluate_and_execute:45 - SPY: HOLD. Reason: No clear consensus
2026-09-18 14:19:37.145 | DEBUG    | engine.decision:evaluate_and_execute:45 - ETH-USD: HOLD. Reason: No clear consensus
2026-09-18 14:19:39.264 | DEBUG    | engine.decision:evaluate_and_execute:45 - SPY: HOLD. Reason: No clear consensus
2026-09-18 14:19:39.711 | DEBUG    | engine.decision:evaluate_and_execute:45 - SPY: HOLD. Reason: No clear consensus
2026-09-18 14:19:42.678 | DEBUG    | engine.decision:evaluate_and_execute:45 - ETH-USD: HOLD. Reason: No clear consensus
2026-09-18 14:19:44.904 | DEBUG    | engine.decision:evaluate_and_execute:45 - SPY: HOLD. Reason: No clear consensus
2026-09-18 14:19:45.410 | DEBUG    | engine.decision:evaluate_and_execute:45 - SPY: HOLD. Reason: No clear consensus
2026-09-18 14:19:48.334 | DEBUG    | engine.decision:evaluate_and_execute:45 - ETH-USD: HOLD. Reason: No clear consensus
2026-09-18 14:19:50.658 | DEBUG    | engine.decision:evaluate_and_execute:45 - SPY: HOLD. Reason: No clear consensus
2026-09-18 14:19:51.128 | DEBUG    | engine.decision:evaluate_and_execute:45 - SPY: HOLD. Reason: No clear consensus
2026-09-18 14:19:53.896 | DEBUG    | engine.decision:evaluate_and_execute:45 - ETH-USD: HOLD. Reason: No clear consensus
2026-09-18 14:19:56.297 | DEBUG    | engine.decision:evaluate_and_execute:45 - SPY: HOLD. Reason: No clear consensus
2026-09-18 14:19:56.808 | DEBUG    | engine.decision:evaluate_and_execute:45 - SPY: HOLD. Reason: No clear consensus
2026-09-18 14:19:59.505 | DEBUG    | engine.decision:evaluate_and_execute:45 - ETH-USD: HOLD. Reason: No clear consensus
2026-09-18 14:20:01.989 | DEBUG    | engine.decision:evaluate_and_execute:45 - SPY: HOLD. Reason: No clear consensus
2026-09-18 14:20:02.456 | DEBUG    | engine.decision:evaluate_and_execute:45 - SPY: HOLD. Reason: No clear consensus
2026-09-18 14:20:05.023 | DEBUG    | engine.decision:evaluate_and_execute:45 - ETH-USD: HOLD. Reason: No clear consensus
2026-09-18 14:20:07.563 | DEBUG    | engine.decision:evaluate_and_execute:45 - SPY: HOLD. Reason: No clear consensus
2026-09-18 14:20:08.032 | DEBUG    | engine.decision:evaluate_and_execute:45 - SPY: HOLD. Reason: No clear consensus
2026-09-18 14:20:10.695 | DEBUG    | engine.decision:evaluate_and_execute:45 - ETH-USD: HOLD. Reason: No clear consensus
2026-09-18 14:20:13.227 | DEBUG    | engine.decision:evaluate_and_execute:45 - SPY: HOLD. Reason: No clear consensus
2026-09-18 14:20:13.768 | DEBUG    | engine.decision:evaluate_and_execute:45 - SPY: HOLD. Reason: No clear consensus
2026-09-18 14:20:16.225 | DEBUG    | engine.decision:evaluate_and_execute:45 - ETH-USD: HOLD. Reason: No clear consensus
2026-09-18 14:20:18.984 | DEBUG    | engine.decision:evaluate_and_execute:45 - SPY: HOLD. Reason: No clear consensus
2026-09-18 14:20:19.497 | DEBUG    | engine.decision:evaluate_and_execute:45 - SPY: HOLD. Reason: No clear consensus
